O,N,SSA,PV,RMIC,Dap,ID/IG,Anion,CD,Cs
7.15,3.52,1546.1,0.575,93.986,1.49,1.029,0,0.1,85
21.55,3.29,1140.8,0.86,20.93,3.02,0.82,1,0.1,90.2
21.55,3.29,1140.8,0.86,20.93,3.02,0.82,1,0.25,86.3
21.55,3.29,1140.8,0.86,20.93,3.02,0.82,1,0.5,79.9
21.55,3.29,1140.8,0.86,20.93,3.02,0.82,1,1,70.3
21.55,3.29,1140.8,0.86,20.93,3.02,0.82,1,2,64.8
21.55,3.29,1140.8,0.86,20.93,3.02,0.82,1,5,51.5
21.55,3.29,1140.8,0.86,20.93,3.02,0.82,1,10,38.5
21.55,3.29,1140.8,0.86,20.93,3.02,0.82,1,20,23.3
8.2,5.3,879,0.447,60.626,2.03,2.27,0,0.1,136.8
8.2,5.3,879,0.447,60.626,2.03,2.27,0,0.5,110.9
8.2,5.3,879,0.447,60.626,2.03,2.27,0,1,102.6
8.2,5.3,879,0.447,60.626,2.03,2.27,0,5,76.1
8.2,5.3,879,0.447,60.626,2.03,2.27,0,10,66.5
5.68,1.49,1640.1,1.41,32.624,7.91,0.95,0,0.05,109.7
5.68,1.49,1640.1,1.41,32.624,7.91,0.95,0,0.1,93.3
5.68,1.49,1640.1,1.41,32.624,7.91,0.95,0,0.2,84.6
5.68,1.49,1640.1,1.41,32.624,7.91,0.95,0,0.3,81
5.68,1.49,1640.1,1.41,32.624,7.91,0.95,0,0.5,76.3
5.68,1.49,1640.1,1.41,32.624,7.91,0.95,0,1,71.6
5.68,1.49,1640.1,1.41,32.624,7.91,0.95,0,2,67.6
5.68,1.49,1640.1,1.41,32.624,7.91,0.95,0,3,65.1
5.68,1.49,1640.1,1.41,32.624,7.91,0.95,0,5,62.4
5.68,1.49,1640.1,1.41,32.624,7.91,0.95,0,10,59.5
5.68,1.49,1640.1,1.41,32.624,7.91,0.95,0,15,58.4
5.68,1.49,1640.1,1.41,32.624,7.91,0.95,0,20,57.1
11.5,6.7,642,1.03,14.563,3.73,0.964,0,0.1,133.7
11.5,6.7,642,1.03,14.563,3.73,0.964,0,0.2,102.5
11.5,6.7,642,1.03,14.563,3.73,0.964,0,0.5,84.3
11.5,6.7,642,1.03,14.563,3.73,0.964,0,1,75
11.5,6.7,642,1.03,14.563,3.73,0.964,0,2,69.1
11.5,6.7,642,1.03,14.563,3.73,0.964,0,5,61.7
11.5,6.7,642,1.03,14.563,3.73,0.964,0,10,56.6
11.5,6.7,642,1.03,14.563,3.73,0.964,0,20,51.9
11.5,6.7,642,1.03,14.563,3.73,0.964,0,50,45.6
11.5,6.7,642,1.03,14.563,3.73,0.964,0,100,39.7
11.5,6.7,642,1.03,14.563,3.73,0.964,0,200,30.6
14.9,3.1,620,0.86,15.116,3.66,0.962,0,0.1,104.4
14.9,3.1,620,0.86,15.116,3.66,0.962,0,0.2,83
14.9,3.1,620,0.86,15.116,3.66,0.962,0,0.5,69.7
14.9,3.1,620,0.86,15.116,3.66,0.962,0,1,61.7
14.9,3.1,620,0.86,15.116,3.66,0.962,0,2,56
14.9,3.1,620,0.86,15.116,3.66,0.962,0,5,50.4
14.9,3.1,620,0.86,15.116,3.66,0.962,0,10,46.6
14.9,3.1,620,0.86,15.116,3.66,0.962,0,20,43.7
14.9,3.1,620,0.86,15.116,3.66,0.962,0,50,39.1
14.9,3.1,620,0.86,15.116,3.66,0.962,0,100,35.4
14.9,3.1,620,0.86,15.116,3.66,0.962,0,200,30.4
11.2,4.2,697,0.83,21.687,3.21,0.958,0,0.1,92.4
11.2,4.2,697,0.83,21.687,3.21,0.958,0,0.2,73.1
11.2,4.2,697,0.83,21.687,3.21,0.958,0,0.5,62.4
11.2,4.2,697,0.83,21.687,3.21,0.958,0,1,56
11.2,4.2,697,0.83,21.687,3.21,0.958,0,2,51.3
11.2,4.2,697,0.83,21.687,3.21,0.958,0,5,45.7
11.2,4.2,697,0.83,21.687,3.21,0.958,0,10,42.3
11.2,4.2,697,0.83,21.687,3.21,0.958,0,20,38.9
11.2,4.2,697,0.83,21.687,3.21,0.958,0,50,33.3
11.2,4.2,697,0.83,21.687,3.21,0.958,0,100,28.7
11.2,4.2,697,0.83,21.687,3.21,0.958,0,200,27.2
12.04,8.29,1530.9,0.96,38.542,2.51,0.86,1,0.1,204.7
12.04,8.29,1530.9,0.96,38.542,2.51,0.86,1,0.2,181.5
12.04,8.29,1530.9,0.96,38.542,2.51,0.86,1,0.5,165.9
12.04,8.29,1530.9,0.96,38.542,2.51,0.86,1,1,152.7
12.04,8.29,1530.9,0.96,38.542,2.51,0.86,1,2,141.1
12.04,8.29,1530.9,0.96,38.542,2.51,0.86,1,5,134.2
12.04,8.29,1530.9,0.96,38.542,2.51,0.86,1,10,128.6
20.61,3.95,544.8,0.26,95.446,1.91,0.96,0,0.1,134.5
20.61,3.95,544.8,0.26,95.446,1.91,0.96,0,0.2,110.2
20.61,3.95,544.8,0.26,95.446,1.91,0.96,0,0.4,93
20.61,3.95,544.8,0.26,95.446,1.91,0.96,0,0.5,86.7
20.61,3.95,544.8,0.26,95.446,1.91,0.96,0,1,72.9
20.61,3.95,544.8,0.26,95.446,1.91,0.96,0,2,57
20.61,3.95,544.8,0.26,95.446,1.91,0.96,0,3,48
20.61,3.95,544.8,0.26,95.446,1.91,0.96,0,4,41.5
18.15,3.51,648.2,0.32,94.937,1.97,1.01,0,0.1,156.5
18.15,3.51,648.2,0.32,94.937,1.97,1.01,0,0.2,132.3
18.15,3.51,648.2,0.32,94.937,1.97,1.01,0,0.3,111.6
18.15,3.51,648.2,0.32,94.937,1.97,1.01,0,0.4,105.4
18.15,3.51,648.2,0.32,94.937,1.97,1.01,0,0.5,98.5
18.15,3.51,648.2,0.32,94.937,1.97,1.01,0,1,86.8
18.15,3.51,648.2,0.32,94.937,1.97,1.01,0,2,70.5
18.15,3.51,648.2,0.32,94.937,1.97,1.01,0,3,59.2
18.15,3.51,648.2,0.32,94.937,1.97,1.01,0,4,51.8
15.17,1.8,225.2,0.1,92.012,1.81,1.08,0,0.1,84.5
15.17,1.8,225.2,0.1,92.012,1.81,1.08,0,0.2,63.4
15.17,1.8,225.2,0.1,92.012,1.81,1.08,0,0.4,50.7
15.17,1.8,225.2,0.1,92.012,1.81,1.08,0,0.5,45
15.17,1.8,225.2,0.1,92.012,1.81,1.08,0,1,34.5
15.17,1.8,225.2,0.1,92.012,1.81,1.08,0,2,24.5
15.17,1.8,225.2,0.1,92.012,1.81,1.08,0,3,19.7
15.17,1.8,225.2,0.1,92.012,1.81,1.08,0,4,17
11.92,0,2228,1.07,59.813,1.92,1.5,0,0.2,153
11.92,0,2228,1.07,59.813,1.92,1.5,0,0.5,125
11.92,0,2228,1.07,59.813,1.92,1.5,0,1,110
11.92,0,2228,1.07,59.813,1.92,1.5,0,2,98
11.92,0,2228,1.07,59.813,1.92,1.5,0,5,84
11.92,0,2228,1.07,59.813,1.92,1.5,0,10,75
5.5,2.53,947,0.54,50,2.27,0.855,0,0.5,117.9
5.5,2.53,947,0.54,50,2.27,0.855,0,20,71
9.64,3.44,1624,0.918,65.251,2.26,0.999,0,0.1,119.9
9.64,3.44,1624,0.918,65.251,2.26,0.999,0,0.2,108.3
9.64,3.44,1624,0.918,65.251,2.26,0.999,0,0.5,100.2
9.64,3.44,1624,0.918,65.251,2.26,0.999,0,1,94.6
9.64,3.44,1624,0.918,65.251,2.26,0.999,0,2,90.4
9.64,3.44,1624,0.918,65.251,2.26,0.999,0,5,84.8
9.64,3.44,1624,0.918,65.251,2.26,0.999,0,20,81.1
8.42,1.64,1949,1.133,45.808,2.33,0.917,0,0.1,159.9
8.42,1.64,1949,1.133,45.808,2.33,0.917,0,0.2,139.2
8.42,1.64,1949,1.133,45.808,2.33,0.917,0,0.5,124.8
8.42,1.64,1949,1.133,45.808,2.33,0.917,0,1,116
8.42,1.64,1949,1.133,45.808,2.33,0.917,0,2,109.9
8.42,1.64,1949,1.133,45.808,2.33,0.917,0,5,101.9
8.42,1.64,1949,1.133,45.808,2.33,0.917,0,20,94
5.52,0.89,2276,1.331,20.962,2.34,0.872,0,0.1,114.2
5.52,0.89,2276,1.331,20.962,2.34,0.872,0,0.2,104.8
5.52,0.89,2276,1.331,20.962,2.34,0.872,0,0.5,95.6
5.52,0.89,2276,1.331,20.962,2.34,0.872,0,1,90
5.52,0.89,2276,1.331,20.962,2.34,0.872,0,2,86.8
5.52,0.89,2276,1.331,20.962,2.34,0.872,0,5,82.4
5.52,0.89,2276,1.331,20.962,2.34,0.872,0,20,78.5
7.71,0,804,0.315,62.189,1.57,0.97,0,0.5,48.3
7.71,0,804,0.315,62.189,1.57,0.97,0,1,43.4
7.71,0,804,0.315,62.189,1.57,0.97,0,2,38.9
7.71,0,804,0.315,62.189,1.57,0.97,0,3,36.5
7.71,0,804,0.315,62.189,1.57,0.97,0,4,34.8
7.71,0,804,0.315,62.189,1.57,0.97,0,5,33.2
7.71,0,804,0.315,62.189,1.57,0.97,0,7,30.2
7.71,0,804,0.315,62.189,1.57,0.97,0,10,26.7
7.71,0,804,0.315,62.189,1.57,0.97,0,15,24.7
7.71,0,804,0.315,62.189,1.57,0.97,0,20,21.6
8.06,0,1770,0.721,57.627,1.63,1.1,0,0.5,177.7
8.06,0,1770,0.721,57.627,1.63,1.1,0,1,148.5
8.06,0,1770,0.721,57.627,1.63,1.1,0,2,135.5
8.06,0,1770,0.721,57.627,1.63,1.1,0,3,127.9
8.06,0,1770,0.721,57.627,1.63,1.1,0,4,122.1
8.06,0,1770,0.721,57.627,1.63,1.1,0,5,117
8.06,0,1770,0.721,57.627,1.63,1.1,0,7,107.5
8.06,0,1770,0.721,57.627,1.63,1.1,0,10,102.9
8.06,0,1770,0.721,57.627,1.63,1.1,0,15,91.3
8.06,0,1770,0.721,57.627,1.63,1.1,0,20,85.5
9.3,0,1781,0.784,53.341,1.76,1.18,0,0.5,108.2
9.3,0,1781,0.784,53.341,1.76,1.18,0,1,96.6
9.3,0,1781,0.784,53.341,1.76,1.18,0,2,86.9
9.3,0,1781,0.784,53.341,1.76,1.18,0,3,82
9.3,0,1781,0.784,53.341,1.76,1.18,0,4,78.7
9.3,0,1781,0.784,53.341,1.76,1.18,0,5,75.2
9.3,0,1781,0.784,53.341,1.76,1.18,0,7,72
9.3,0,1781,0.784,53.341,1.76,1.18,0,10,67.1
9.3,0,1781,0.784,53.341,1.76,1.18,0,15,60.5
9.3,0,1781,0.784,53.341,1.76,1.18,0,20,57
6.99,1.59,2465.9,1.29,0,2.09,0.912,0,0.05,108.5
6.99,1.59,2465.9,1.29,0,2.09,0.912,0,0.1,85.9
6.99,1.59,2465.9,1.29,0,2.09,0.912,0,0.2,73.1
6.99,1.59,2465.9,1.29,0,2.09,0.912,0,0.3,68.7
6.99,1.59,2465.9,1.29,0,2.09,0.912,0,0.5,65
6.99,1.59,2465.9,1.29,0,2.09,0.912,0,1,60.8
6.99,1.59,2465.9,1.29,0,2.09,0.912,0,2,55.3
6.99,1.59,2465.9,1.29,0,2.09,0.912,0,3,52.7
6.99,1.59,2465.9,1.29,0,2.09,0.912,0,5,49.2
6.99,1.59,2465.9,1.29,0,2.09,0.912,0,10,44.5
6.99,1.59,2465.9,1.29,0,2.09,0.912,0,15,41.6
6.99,1.59,2465.9,1.29,0,2.09,0.912,0,20,41
3.9,9.7,844,0.41,77.37,1.94,0.99,0,0.1,189.4
3.9,9.7,844,0.41,77.37,1.94,0.99,0,0.2,154.5
3.9,9.7,844,0.41,77.37,1.94,0.99,0,0.5,131.5
3.9,9.7,844,0.41,77.37,1.94,0.99,0,1,130.4
3.9,9.7,844,0.41,77.37,1.94,0.99,0,2,117.9
3.9,9.7,844,0.41,77.37,1.94,0.99,0,3,112.3
3.9,9.7,844,0.41,77.37,1.94,0.99,0,4,107.7
3.9,9.7,844,0.41,77.37,1.94,0.99,0,5,104.9
3.9,9.7,844,0.41,77.37,1.94,0.99,0,7,102.2
3.9,9.7,844,0.41,77.37,1.94,0.99,0,10,100.3
4.81,1.09,972.4,1.67,22.902,6.87,0.82,0,0.2,104.9
4.81,1.09,972.4,1.67,22.902,6.87,0.82,0,0.5,91
4.81,1.09,972.4,1.67,22.902,6.87,0.82,0,1,84.9
4.81,1.09,972.4,1.67,22.902,6.87,0.82,0,2,78.2
4.81,1.09,972.4,1.67,22.902,6.87,0.82,0,3,74.2
4.81,1.09,972.4,1.67,22.902,6.87,0.82,0,4,70.8
4.81,1.09,972.4,1.67,22.902,6.87,0.82,0,5,68.5
4.81,1.09,972.4,1.67,22.902,6.87,0.82,0,10,60.3
4.81,1.09,972.4,1.67,22.902,6.87,0.82,0,15,56.5
4.81,1.09,972.4,1.67,22.902,6.87,0.82,0,20,52.1
4.81,1.09,972.4,1.67,22.902,6.87,0.82,0,30,44.8
4.89,1.74,1666.8,2.42,10.685,5.81,0.88,0,0.2,132.9
4.89,1.74,1666.8,2.42,10.685,5.81,0.88,0,0.5,114.4
4.89,1.74,1666.8,2.42,10.685,5.81,0.88,0,1,108.9
4.89,1.74,1666.8,2.42,10.685,5.81,0.88,0,2,99.4
4.89,1.74,1666.8,2.42,10.685,5.81,0.88,0,3,95.6
4.89,1.74,1666.8,2.42,10.685,5.81,0.88,0,4,91.1
4.89,1.74,1666.8,2.42,10.685,5.81,0.88,0,5,89.9
4.89,1.74,1666.8,2.42,10.685,5.81,0.88,0,10,83.3
4.89,1.74,1666.8,2.42,10.685,5.81,0.88,0,15,80.8
4.89,1.74,1666.8,2.42,10.685,5.81,0.88,0,20,76.6
4.89,1.74,1666.8,2.42,10.685,5.81,0.88,0,30,73.3
4.89,1.74,1666.8,2.42,10.685,5.81,0.88,0,40,68.8
4.89,1.74,1666.8,2.42,10.685,5.81,0.88,0,50,65.2
6.42,2.75,1301.6,3.04,9.719,9.34,0.92,0,0.2,67.8
6.42,2.75,1301.6,3.04,9.719,9.34,0.92,0,0.5,59.8
6.42,2.75,1301.6,3.04,9.719,9.34,0.92,0,1,56.8
6.42,2.75,1301.6,3.04,9.719,9.34,0.92,0,2,53.2
6.42,2.75,1301.6,3.04,9.719,9.34,0.92,0,3,51.7
6.42,2.75,1301.6,3.04,9.719,9.34,0.92,0,4,49.9
6.42,2.75,1301.6,3.04,9.719,9.34,0.92,0,5,49.2
6.42,2.75,1301.6,3.04,9.719,9.34,0.92,0,10,45.5
6.42,2.75,1301.6,3.04,9.719,9.34,0.92,0,15,43.7
6.42,2.75,1301.6,3.04,9.719,9.34,0.92,0,20,41.1
6.42,2.75,1301.6,3.04,9.719,9.34,0.92,0,30,37.4
4.77,0,1644,0.96,57.083,2.34,1.06,0,0.1,52.9
4.77,0,1644,0.96,57.083,2.34,1.06,0,0.2,48.7
4.77,0,1644,0.96,57.083,2.34,1.06,0,0.5,43.8
4.77,0,1644,0.96,57.083,2.34,1.06,0,1,40
4.77,0,1644,0.96,57.083,2.34,1.06,0,2,36.5
4.77,0,1644,0.96,57.083,2.34,1.06,0,5,31.4
4.77,0,1644,0.96,57.083,2.34,1.06,0,10,26.9
4.77,0,1644,0.96,57.083,2.34,1.06,0,20,21.4
9.1,3.1,1055,0.95,36.842,3.6,1.06,0,0.1,230
9.1,3.1,1055,0.95,36.842,3.6,1.06,0,0.2,165
9.1,3.1,1055,0.95,36.842,3.6,1.06,0,0.5,150
9.1,3.1,1055,0.95,36.842,3.6,1.06,0,1,137
9.1,3.1,1055,0.95,36.842,3.6,1.06,0,2,127
9.1,3.1,1055,0.95,36.842,3.6,1.06,0,5,122
9.1,3.1,1055,0.95,36.842,3.6,1.06,0,10,118
6.1,7.2,1843,1.1,30.909,2.39,1.01,0,0.5,181
6.1,7.2,1843,1.1,30.909,2.39,1.01,0,1,153.3
6.1,7.2,1843,1.1,30.909,2.39,1.01,0,2,137.2
6.1,7.2,1843,1.1,30.909,2.39,1.01,0,3,130.2
6.1,7.2,1843,1.1,30.909,2.39,1.01,0,5,121.7
6.1,7.2,1843,1.1,30.909,2.39,1.01,0,10,110.4
6.1,7.2,1843,1.1,30.909,2.39,1.01,0,15,104
4.2,6.3,543,0.9,11.111,6.63,0.99,0,0.5,110
4.2,6.3,543,0.9,11.111,6.63,0.99,0,1,97.8
4.2,6.3,543,0.9,11.111,6.63,0.99,0,2,89.8
4.2,6.3,543,0.9,11.111,6.63,0.99,0,3,84.9
4.2,6.3,543,0.9,11.111,6.63,0.99,0,5,78.4
4.2,6.3,543,0.9,11.111,6.63,0.99,0,10,67.2
4.2,6.3,543,0.9,11.111,6.63,0.99,0,15,58.2
10.8,5.7,1454,0.83,10.843,2.28,1.05,0,0.5,98
10.8,5.7,1454,0.83,10.843,2.28,1.05,0,1,81.7
10.8,5.7,1454,0.83,10.843,2.28,1.05,0,2,72.2
10.8,5.7,1454,0.83,10.843,2.28,1.05,0,3,67
10.8,5.7,1454,0.83,10.843,2.28,1.05,0,5,60.7
10.8,5.7,1454,0.83,10.843,2.28,1.05,0,10,50.9
10.8,5.7,1454,0.83,10.843,2.28,1.05,0,15,45.1
9.33,6.25,1021,1.07,67.973,4.19,0.84,1,0.2,122.3
9.33,6.25,1021,1.07,67.973,4.19,0.84,1,0.5,108.1
9.33,6.25,1021,1.07,67.973,4.19,0.84,1,1,103.8
9.33,6.25,1021,1.07,67.973,4.19,0.84,1,2,94.2
9.33,6.25,1021,1.07,67.973,4.19,0.84,1,5,85.6
9.33,6.25,1021,1.07,67.973,4.19,0.84,1,10,76
9.33,6.25,1021,1.07,67.973,4.19,0.84,1,20,59.1
8,8.12,1685,1.2,18.872,2.85,0.85,1,0.2,153.8
8,8.12,1685,1.2,18.872,2.85,0.85,1,0.5,146.9
8,8.12,1685,1.2,18.872,2.85,0.85,1,1,127.3
8,8.12,1685,1.2,18.872,2.85,0.85,1,2,117
8,8.12,1685,1.2,18.872,2.85,0.85,1,5,108.7
8,8.12,1685,1.2,18.872,2.85,0.85,1,10,95.5
8,8.12,1685,1.2,18.872,2.85,0.85,1,20,82.3
9.75,7.83,2370,2.18,28.987,3.68,0.85,1,0.2,250
9.75,7.83,2370,2.18,28.987,3.68,0.85,1,0.5,217.5
9.75,7.83,2370,2.18,28.987,3.68,0.85,1,1,184.3
9.75,7.83,2370,2.18,28.987,3.68,0.85,1,2,163.5
9.75,7.83,2370,2.18,28.987,3.68,0.85,1,5,156.8
9.75,7.83,2370,2.18,28.987,3.68,0.85,1,10,151.9
9.75,7.83,2370,2.18,28.987,3.68,0.85,1,20,149.2
4.41,12.14,494,0.27,62.963,2.19,3.1,0,0.2,138.5
4.41,12.14,494,0.27,62.963,2.19,3.1,0,0.5,112.9
4.41,12.14,494,0.27,62.963,2.19,3.1,0,1,98.1
4.41,12.14,494,0.27,62.963,2.19,3.1,0,2,89.3
4.41,12.14,494,0.27,62.963,2.19,3.1,0,5,77.6
4.41,12.14,494,0.27,62.963,2.19,3.1,0,10,69
4.41,12.14,494,0.27,62.963,2.19,3.1,0,20,61.8
4.41,12.14,494,0.27,62.963,2.19,3.1,0,40,48.7
4.41,12.14,494,0.27,62.963,2.19,3.1,0,60,38.7
4.41,12.14,494,0.27,62.963,2.19,3.1,0,80,28.8
5.51,5.19,642,0.58,15.517,3.61,3.5,0,0.2,149.9
5.51,5.19,642,0.58,15.517,3.61,3.5,0,0.5,128.2
5.51,5.19,642,0.58,15.517,3.61,3.5,0,1,112.4
5.51,5.19,642,0.58,15.517,3.61,3.5,0,2,102.5
5.51,5.19,642,0.58,15.517,3.61,3.5,0,5,90.9
5.51,5.19,642,0.58,15.517,3.61,3.5,0,10,83.2
5.51,5.19,642,0.58,15.517,3.61,3.5,0,20,73.8
5.51,5.19,642,0.58,15.517,3.61,3.5,0,40,63.3
5.51,5.19,642,0.58,15.517,3.61,3.5,0,60,55.4
5.51,5.19,642,0.58,15.517,3.61,3.5,0,80,46.9
7.41,0.53,1398.2,0.79,67.089,2.27,0.7,0,0.2,94.6
7.41,0.53,1398.2,0.79,67.089,2.27,0.7,0,0.5,84
7.41,0.53,1398.2,0.79,67.089,2.27,0.7,0,0.8,80.3
7.41,0.53,1398.2,0.79,67.089,2.27,0.7,0,1,77.9
7.41,0.53,1398.2,0.79,67.089,2.27,0.7,0,2,75
7.41,0.53,1398.2,0.79,67.089,2.27,0.7,0,5,71.3
7.41,0.53,1398.2,0.79,67.089,2.27,0.7,0,8,67.5
7.41,0.53,1398.2,0.79,67.089,2.27,0.7,0,10,65.7
3.37,0,3252.6,3.428,9.947,4.22,1.02,1,0.3,98.2
3.37,0,3252.6,3.428,9.947,4.22,1.02,1,0.5,94.2
3.37,0,3252.6,3.428,9.947,4.22,1.02,1,1,89.5
3.37,0,3252.6,3.428,9.947,4.22,1.02,1,3,80.1
3.37,0,3252.6,3.428,9.947,4.22,1.02,1,5,76.2
3.37,0,3252.6,3.428,9.947,4.22,1.02,1,8,73
3.37,0,3252.6,3.428,9.947,4.22,1.02,1,10,67.9
3.37,0,3252.6,3.428,9.947,4.22,1.02,1,20,61.2
3.37,0,3252.6,3.428,9.947,4.22,1.02,1,30,56.4
2.75,0.95,1687.1,1.75,9.2,4.15,1.11,1,0.3,111.6
2.75,0.95,1687.1,1.75,9.2,4.15,1.11,1,0.5,105.1
2.75,0.95,1687.1,1.75,9.2,4.15,1.11,1,1,102
2.75,0.95,1687.1,1.75,9.2,4.15,1.11,1,3,96.6
2.75,0.95,1687.1,1.75,9.2,4.15,1.11,1,5,92.4
2.75,0.95,1687.1,1.75,9.2,4.15,1.11,1,8,90
2.75,0.95,1687.1,1.75,9.2,4.15,1.11,1,10,88.5
2.75,0.95,1687.1,1.75,9.2,4.15,1.11,1,20,79.9
2.75,0.95,1687.1,1.75,9.2,4.15,1.11,1,30,72.4
1.91,2.99,2330.9,2.756,9.507,4.73,1.24,1,0.3,125.3
1.91,2.99,2330.9,2.756,9.507,4.73,1.24,1,0.5,117.3
1.91,2.99,2330.9,2.756,9.507,4.73,1.24,1,1,115.3
1.91,2.99,2330.9,2.756,9.507,4.73,1.24,1,3,105.9
1.91,2.99,2330.9,2.756,9.507,4.73,1.24,1,5,99.8
1.91,2.99,2330.9,2.756,9.507,4.73,1.24,1,8,97.5
1.91,2.99,2330.9,2.756,9.507,4.73,1.24,1,10,94.5
1.91,2.99,2330.9,2.756,9.507,4.73,1.24,1,20,88.9
1.91,2.99,2330.9,2.756,9.507,4.73,1.24,1,30,83.1
1.9,1.3,1317.4,1.384,11.199,4.2,1.05,1,0.3,107.6
1.9,1.3,1317.4,1.384,11.199,4.2,1.05,1,0.5,103
1.9,1.3,1317.4,1.384,11.199,4.2,1.05,1,1,99.7
1.9,1.3,1317.4,1.384,11.199,4.2,1.05,1,3,91.6
1.9,1.3,1317.4,1.384,11.199,4.2,1.05,1,5,88.7
1.9,1.3,1317.4,1.384,11.199,4.2,1.05,1,8,82.4
1.9,1.3,1317.4,1.384,11.199,4.2,1.05,1,10,79.6
1.9,1.3,1317.4,1.384,11.199,4.2,1.05,1,20,71.9
1.9,1.3,1317.4,1.384,11.199,4.2,1.05,1,30,63.1
9.92,0,1667.3,1.23,52.846,2.95,1.1,0,0.5,101.2
9.92,0,1667.3,1.23,52.846,2.95,1.1,0,1,92.4
9.92,0,1667.3,1.23,52.846,2.95,1.1,0,2,84.3
9.92,0,1667.3,1.23,52.846,2.95,1.1,0,3,79.8
9.92,0,1667.3,1.23,52.846,2.95,1.1,0,4,77.2
9.92,0,1667.3,1.23,52.846,2.95,1.1,0,5,75.8
9.92,0,1667.3,1.23,52.846,2.95,1.1,0,10,68.2
9.92,0,1667.3,1.23,52.846,2.95,1.1,0,20,61
9.44,0.8,2295.3,1.63,55.828,2.84,1.18,0,0.5,114.1
9.44,0.8,2295.3,1.63,55.828,2.84,1.18,0,1,103.4
9.44,0.8,2295.3,1.63,55.828,2.84,1.18,0,2,94.5
9.44,0.8,2295.3,1.63,55.828,2.84,1.18,0,3,90
9.44,0.8,2295.3,1.63,55.828,2.84,1.18,0,4,86.4
9.44,0.8,2295.3,1.63,55.828,2.84,1.18,0,5,84
9.44,0.8,2295.3,1.63,55.828,2.84,1.18,0,10,74.4
9.44,0.8,2295.3,1.63,55.828,2.84,1.18,0,20,62.2
9.71,5.41,670,0.72,59.722,4.3,1.89,1,0.1,122.4
9.71,5.41,670,0.72,59.722,4.3,1.89,1,0.2,92.4
9.71,5.41,670,0.72,59.722,4.3,1.89,1,0.5,79.7
9.71,5.41,670,0.72,59.722,4.3,1.89,1,1,72.7
9.71,5.41,670,0.72,59.722,4.3,1.89,1,2,68.4
9.71,5.41,670,0.72,59.722,4.3,1.89,1,5,61.1
9.71,5.41,670,0.72,59.722,4.3,1.89,1,10,55.7
9.71,5.41,670,0.72,59.722,4.3,1.89,1,20,49.1
9.71,5.41,670,0.72,59.722,4.3,1.89,1,40,43.7
9.71,5.41,670,0.72,59.722,4.3,1.89,1,50,42.2
7.21,3.67,1777,1.56,57.692,3.51,2,1,0.1,153.4
7.21,3.67,1777,1.56,57.692,3.51,2,1,0.2,117.6
7.21,3.67,1777,1.56,57.692,3.51,2,1,0.5,101.3
7.21,3.67,1777,1.56,57.692,3.51,2,1,1,93.9
7.21,3.67,1777,1.56,57.692,3.51,2,1,2,90.1
7.21,3.67,1777,1.56,57.692,3.51,2,1,5,83.1
7.21,3.67,1777,1.56,57.692,3.51,2,1,10,77.7
7.21,3.67,1777,1.56,57.692,3.51,2,1,20,72.3
7.21,3.67,1777,1.56,57.692,3.51,2,1,40,66.9
7.21,3.67,1777,1.56,57.692,3.51,2,1,50,64.2
8.35,2.41,2511,2.17,43.779,3.46,2.07,1,0.1,191.4
8.35,2.41,2511,2.17,43.779,3.46,2.07,1,0.2,167.7
8.35,2.41,2511,2.17,43.779,3.46,2.07,1,0.5,149.1
8.35,2.41,2511,2.17,43.779,3.46,2.07,1,1,138.4
8.35,2.41,2511,2.17,43.779,3.46,2.07,1,2,130.8
8.35,2.41,2511,2.17,43.779,3.46,2.07,1,5,123.6
8.35,2.41,2511,2.17,43.779,3.46,2.07,1,10,116.7
8.35,2.41,2511,2.17,43.779,3.46,2.07,1,20,113.8
8.35,2.41,2511,2.17,43.779,3.46,2.07,1,40,105.6
8.35,2.41,2511,2.17,43.779,3.46,2.07,1,50,99.9
6.98,2.3,2353,2.14,37.85,3.64,2.18,1,0.1,158.6
6.98,2.3,2353,2.14,37.85,3.64,2.18,1,0.2,127.2
6.98,2.3,2353,2.14,37.85,3.64,2.18,1,0.5,112.1
6.98,2.3,2353,2.14,37.85,3.64,2.18,1,1,104
6.98,2.3,2353,2.14,37.85,3.64,2.18,1,2,99.3
6.98,2.3,2353,2.14,37.85,3.64,2.18,1,5,91.6
6.98,2.3,2353,2.14,37.85,3.64,2.18,1,10,86.2
6.98,2.3,2353,2.14,37.85,3.64,2.18,1,20,81.6
6.98,2.3,2353,2.14,37.85,3.64,2.18,1,40,76.1
6.98,2.3,2353,2.14,37.85,3.64,2.18,1,50,73.9
15.55,2.61,3139.2,1.74,55.747,2.22,1.02,0,0.1,189.4
15.55,2.61,3139.2,1.74,55.747,2.22,1.02,0,0.2,155
15.55,2.61,3139.2,1.74,55.747,2.22,1.02,0,0.5,136.6
15.55,2.61,3139.2,1.74,55.747,2.22,1.02,0,1,126.1
15.55,2.61,3139.2,1.74,55.747,2.22,1.02,0,2,117.1
15.55,2.61,3139.2,1.74,55.747,2.22,1.02,0,3,112.5
15.55,2.61,3139.2,1.74,55.747,2.22,1.02,0,4,109.3
15.55,2.61,3139.2,1.74,55.747,2.22,1.02,0,5,106.7
15.55,2.61,3139.2,1.74,55.747,2.22,1.02,0,7,103.6
15.55,2.61,3139.2,1.74,55.747,2.22,1.02,0,10,100
15.55,2.61,3139.2,1.74,55.747,2.22,1.02,0,14,97.2
15.55,2.61,3139.2,1.74,55.747,2.22,1.02,0,20,94.2
15.55,2.61,3139.2,1.74,55.747,2.22,1.02,0,50,84.2
15.55,2.61,3139.2,1.74,55.747,2.22,1.02,0,70,66.9
15.55,2.61,3139.2,1.74,55.747,2.22,1.02,0,100,59.4
12.89,3.05,3224.9,1.93,48.187,2.39,0.94,0,0.1,225.3
12.89,3.05,3224.9,1.93,48.187,2.39,0.94,0,0.2,196.8
12.89,3.05,3224.9,1.93,48.187,2.39,0.94,0,0.5,174.3
12.89,3.05,3224.9,1.93,48.187,2.39,0.94,0,1,161.1
12.89,3.05,3224.9,1.93,48.187,2.39,0.94,0,2,150.8
12.89,3.05,3224.9,1.93,48.187,2.39,0.94,0,3,144.4
12.89,3.05,3224.9,1.93,48.187,2.39,0.94,0,4,141.2
12.89,3.05,3224.9,1.93,48.187,2.39,0.94,0,5,138.6
12.89,3.05,3224.9,1.93,48.187,2.39,0.94,0,7,134
12.89,3.05,3224.9,1.93,48.187,2.39,0.94,0,10,129.3
12.89,3.05,3224.9,1.93,48.187,2.39,0.94,0,14,124.5
12.89,3.05,3224.9,1.93,48.187,2.39,0.94,0,20,118.7
12.89,3.05,3224.9,1.93,48.187,2.39,0.94,0,50,103
12.89,3.05,3224.9,1.93,48.187,2.39,0.94,0,70,88.8
12.89,3.05,3224.9,1.93,48.187,2.39,0.94,0,100,73.8
10.45,2.44,2993.2,1.71,53.216,2.29,0.91,0,0.1,193
10.45,2.44,2993.2,1.71,53.216,2.29,0.91,0,0.2,160.1
10.45,2.44,2993.2,1.71,53.216,2.29,0.91,0,0.5,141.2
10.45,2.44,2993.2,1.71,53.216,2.29,0.91,0,1,129.3
10.45,2.44,2993.2,1.71,53.216,2.29,0.91,0,2,120.9
10.45,2.44,2993.2,1.71,53.216,2.29,0.91,0,3,116.7
10.45,2.44,2993.2,1.71,53.216,2.29,0.91,0,4,112.9
10.45,2.44,2993.2,1.71,53.216,2.29,0.91,0,5,110.9
10.45,2.44,2993.2,1.71,53.216,2.29,0.91,0,7,108.3
10.45,2.44,2993.2,1.71,53.216,2.29,0.91,0,10,104.5
10.45,2.44,2993.2,1.71,53.216,2.29,0.91,0,14,102
10.45,2.44,2993.2,1.71,53.216,2.29,0.91,0,20,99.4
10.45,2.44,2993.2,1.71,53.216,2.29,0.91,0,50,91
10.45,2.44,2993.2,1.71,53.216,2.29,0.91,0,70,79.4
10.45,2.44,2993.2,1.71,53.216,2.29,0.91,0,100,70.2
6.2,1.6,2691.3,1.77,32.768,2.63,1.088,0,0.1,189.3
6.2,1.6,2691.3,1.77,32.768,2.63,1.088,0,0.2,160.1
6.2,1.6,2691.3,1.77,32.768,2.63,1.088,0,0.5,133.8
6.2,1.6,2691.3,1.77,32.768,2.63,1.088,0,1,123.8
6.2,1.6,2691.3,1.77,32.768,2.63,1.088,0,2,116.1
6.2,1.6,2691.3,1.77,32.768,2.63,1.088,0,5,106.5
6.2,1.6,2691.3,1.77,32.768,2.63,1.088,0,10,101.1
6.2,1.6,2691.3,1.77,32.768,2.63,1.088,0,20,96.7
8.2,0,1500,0.78,69.231,2.1,1.01,0,0.5,89.3
8.2,0,1500,0.78,69.231,2.1,1.01,0,1,80.4
8.2,0,1500,0.78,69.231,2.1,1.01,0,2,76.4
8.2,0,1500,0.78,69.231,2.1,1.01,0,5,71.1
8.2,0,1500,0.78,69.231,2.1,1.01,0,10,65.8
8.2,0,1500,0.78,69.231,2.1,1.01,0,20,58.2
8.2,0,1500,0.78,69.231,2.1,1.01,0,50,44.9
8.2,0,1500,0.78,69.231,2.1,1.01,0,100,18.2
6.3,0,1886,0.93,70.968,1.98,1.04,0,0.5,81.8
6.3,0,1886,0.93,70.968,1.98,1.04,0,1,76
6.3,0,1886,0.93,70.968,1.98,1.04,0,2,67.1
6.3,0,1886,0.93,70.968,1.98,1.04,0,5,62.2
6.3,0,1886,0.93,70.968,1.98,1.04,0,10,56.4
6.3,0,1886,0.93,70.968,1.98,1.04,0,20,50.7
6.3,0,1886,0.93,70.968,1.98,1.04,0,50,40.9
6.3,0,1886,0.93,70.968,1.98,1.04,0,100,28.4
6.8,0,1410,0.77,63.636,2.19,1.09,0,0.5,136.9
6.8,0,1410,0.77,63.636,2.19,1.09,0,1,113.3
6.8,0,1410,0.77,63.636,2.19,1.09,0,2,102.2
6.8,0,1410,0.77,63.636,2.19,1.09,0,5,92.4
6.8,0,1410,0.77,63.636,2.19,1.09,0,10,85.8
6.8,0,1410,0.77,63.636,2.19,1.09,0,20,79.1
6.8,0,1410,0.77,63.636,2.19,1.09,0,50,72
6.8,0,1410,0.77,63.636,2.19,1.09,0,100,61.8
4.3,0,1655,0.81,71.605,1.95,1.05,0,0.5,73.3
4.3,0,1655,0.81,71.605,1.95,1.05,0,1,64.4
4.3,0,1655,0.81,71.605,1.95,1.05,0,2,59.1
4.3,0,1655,0.81,71.605,1.95,1.05,0,5,54.7
4.3,0,1655,0.81,71.605,1.95,1.05,0,10,51.6
4.3,0,1655,0.81,71.605,1.95,1.05,0,20,45.3
4.3,0,1655,0.81,71.605,1.95,1.05,0,50,41.8
4.3,0,1655,0.81,71.605,1.95,1.05,0,100,31.6
6.15,13.57,1274.8,0.551,71.506,1.73,1.97,0,0.5,127.5
6.15,13.57,1274.8,0.551,71.506,1.73,1.97,0,1,117.1
6.15,13.57,1274.8,0.551,71.506,1.73,1.97,0,2,106.8
6.15,13.57,1274.8,0.551,71.506,1.73,1.97,0,5,87.8
6.15,13.57,1274.8,0.551,71.506,1.73,1.97,0,10,67.9
6.15,13.57,1274.8,0.551,71.506,1.73,1.97,0,20,42.4
6.15,13.57,1274.8,0.551,71.506,1.73,1.97,0,30,23.9
6.15,13.57,1274.8,0.551,71.506,1.73,1.97,0,60,17.4
6.82,2.11,3407.6,1.953,29.391,2.29,2.41,0,0.5,194.4
6.82,2.11,3407.6,1.953,29.391,2.29,2.41,0,1,178.5
6.82,2.11,3407.6,1.953,29.391,2.29,2.41,0,2,165.5
6.82,2.11,3407.6,1.953,29.391,2.29,2.41,0,5,147.4
6.82,2.11,3407.6,1.953,29.391,2.29,2.41,0,10,131.8
6.82,2.11,3407.6,1.953,29.391,2.29,2.41,0,20,113.7
6.82,2.11,3407.6,1.953,29.391,2.29,2.41,0,30,102.5
6.82,2.11,3407.6,1.953,29.391,2.29,2.41,0,60,77.9
7.48,2.67,3553.1,2.071,26.654,2.33,2.79,0,0.5,199.1
7.48,2.67,3553.1,2.071,26.654,2.33,2.79,0,1,183
7.48,2.67,3553.1,2.071,26.654,2.33,2.79,0,2,172.4
7.48,2.67,3553.1,2.071,26.654,2.33,2.79,0,5,159.6
7.48,2.67,3553.1,2.071,26.654,2.33,2.79,0,10,150.3
7.48,2.67,3553.1,2.071,26.654,2.33,2.79,0,20,139.9
7.48,2.67,3553.1,2.071,26.654,2.33,2.79,0,30,130.1
7.48,2.67,3553.1,2.071,26.654,2.33,2.79,0,60,118.8
6.93,1.98,3415.3,2.482,15.995,2.91,2.82,0,0.5,169.3
6.93,1.98,3415.3,2.482,15.995,2.91,2.82,0,1,155.4
6.93,1.98,3415.3,2.482,15.995,2.91,2.82,0,2,144.7
6.93,1.98,3415.3,2.482,15.995,2.91,2.82,0,5,134
6.93,1.98,3415.3,2.482,15.995,2.91,2.82,0,10,125.7
6.93,1.98,3415.3,2.482,15.995,2.91,2.82,0,20,118.9
6.93,1.98,3415.3,2.482,15.995,2.91,2.82,0,30,114.5
6.93,1.98,3415.3,2.482,15.995,2.91,2.82,0,60,105.9
10.58,1.47,2290,0.93,88.172,1.62,0.957,0,0.1,74
10.58,1.47,2290,0.93,88.172,1.62,0.957,0,0.5,60.4
10.58,1.47,2290,0.93,88.172,1.62,0.957,0,1,53.6
10.58,1.47,2290,0.93,88.172,1.62,0.957,0,2,43.4
10.58,1.47,2290,0.93,88.172,1.62,0.957,0,5,37.7
10.58,1.47,2290,0.93,88.172,1.62,0.957,0,10,28.2
10.58,1.47,2290,0.93,88.172,1.62,0.957,0,20,14.7
14.26,1.82,3166,1.7,51.765,2.15,1.044,0,0.1,117.1
14.26,1.82,3166,1.7,51.765,2.15,1.044,0,0.5,93.5
14.26,1.82,3166,1.7,51.765,2.15,1.044,0,1,81.4
14.26,1.82,3166,1.7,51.765,2.15,1.044,0,2,67
14.26,1.82,3166,1.7,51.765,2.15,1.044,0,5,58.7
14.26,1.82,3166,1.7,51.765,2.15,1.044,0,10,49.5
14.26,1.82,3166,1.7,51.765,2.15,1.044,0,20,45.8
14.02,1.93,3292,1.54,69.481,1.87,1.048,0,0.1,142.2
14.02,1.93,3292,1.54,69.481,1.87,1.048,0,0.5,113.3
14.02,1.93,3292,1.54,69.481,1.87,1.048,0,1,99.4
14.02,1.93,3292,1.54,69.481,1.87,1.048,0,2,85.8
14.02,1.93,3292,1.54,69.481,1.87,1.048,0,5,79.7
14.02,1.93,3292,1.54,69.481,1.87,1.048,0,10,72.2
14.02,1.93,3292,1.54,69.481,1.87,1.048,0,20,66.1
18.75,2.74,3518,1.57,77.707,1.79,1.102,0,0.1,166.8
18.75,2.74,3518,1.57,77.707,1.79,1.102,0,0.5,141.4
18.75,2.74,3518,1.57,77.707,1.79,1.102,0,1,132
18.75,2.74,3518,1.57,77.707,1.79,1.102,0,2,116.5
18.75,2.74,3518,1.57,77.707,1.79,1.102,0,5,108.8
18.75,2.74,3518,1.57,77.707,1.79,1.102,0,10,98.9
18.75,2.74,3518,1.57,77.707,1.79,1.102,0,20,86.9
2.05,4.25,1141.9,0.575,77.555,2.01,1.08,1,0.2,158
2.05,4.25,1141.9,0.575,77.555,2.01,1.08,1,0.3,148.1
2.05,4.25,1141.9,0.575,77.555,2.01,1.08,1,0.5,139.6
2.05,4.25,1141.9,0.575,77.555,2.01,1.08,1,1,132.6
2.05,4.25,1141.9,0.575,77.555,2.01,1.08,1,2,128.8
2.05,4.25,1141.9,0.575,77.555,2.01,1.08,1,3,121.9
2.05,4.25,1141.9,0.575,77.555,2.01,1.08,1,5,113.9
2.05,4.25,1141.9,0.575,77.555,2.01,1.08,1,8,106.5
2.05,4.25,1141.9,0.575,77.555,2.01,1.08,1,10,102.6
2.05,4.25,1141.9,0.575,77.555,2.01,1.08,1,20,89.2
2.05,4.25,1141.9,0.575,77.555,2.01,1.08,1,30,80.3
3.55,7.37,933.1,0.38,81.32,1.63,1.09,1,0.2,134.1
3.55,7.37,933.1,0.38,81.32,1.63,1.09,1,0.3,128.7
3.55,7.37,933.1,0.38,81.32,1.63,1.09,1,0.5,123.8
3.55,7.37,933.1,0.38,81.32,1.63,1.09,1,1,116.9
3.55,7.37,933.1,0.38,81.32,1.63,1.09,1,2,112.2
3.55,7.37,933.1,0.38,81.32,1.63,1.09,1,3,106.5
3.55,7.37,933.1,0.38,81.32,1.63,1.09,1,5,97.8
3.55,7.37,933.1,0.38,81.32,1.63,1.09,1,8,90.7
3.55,7.37,933.1,0.38,81.32,1.63,1.09,1,10,86.3
3.55,7.37,933.1,0.38,81.32,1.63,1.09,1,20,77
3.55,7.37,933.1,0.38,81.32,1.63,1.09,1,30,67.2
7.6,3.95,1162.9,0.448,80.996,1.54,1.11,1,0.2,119
7.6,3.95,1162.9,0.448,80.996,1.54,1.11,1,0.3,115.2
7.6,3.95,1162.9,0.448,80.996,1.54,1.11,1,0.5,110.1
7.6,3.95,1162.9,0.448,80.996,1.54,1.11,1,1,103.6
7.6,3.95,1162.9,0.448,80.996,1.54,1.11,1,2,97.7
7.6,3.95,1162.9,0.448,80.996,1.54,1.11,1,3,94
7.6,3.95,1162.9,0.448,80.996,1.54,1.11,1,5,88.3
7.6,3.95,1162.9,0.448,80.996,1.54,1.11,1,8,80.8
7.6,3.95,1162.9,0.448,80.996,1.54,1.11,1,10,76.4
7.6,3.95,1162.9,0.448,80.996,1.54,1.11,1,20,68.7
7.6,3.95,1162.9,0.448,80.996,1.54,1.11,1,30,60
8.8,0.93,1207.3,0.55,70.909,1.8,1.05,0,0.2,77.8
8.8,0.93,1207.3,0.55,70.909,1.8,1.05,0,0.5,73.8
8.8,0.93,1207.3,0.55,70.909,1.8,1.05,0,0.8,69.8
8.8,0.93,1207.3,0.55,70.909,1.8,1.05,0,1,67.2
8.8,0.93,1207.3,0.55,70.909,1.8,1.05,0,2,59.6
8.8,0.93,1207.3,0.55,70.909,1.8,1.05,0,5,49.1
8.8,0.93,1207.3,0.55,70.909,1.8,1.05,0,8,43.6
8.8,0.93,1207.3,0.55,70.909,1.8,1.05,0,10,39.4
4.8,1.3,2186,1,67,1.83,1.02,0,0.5,108.5
4.8,1.3,2186,1,67,1.83,1.02,0,1,96.3
4.8,1.3,2186,1,67,1.83,1.02,0,2,85.3
4.8,1.3,2186,1,67,1.83,1.02,0,5,83.4
4.8,1.3,2186,1,67,1.83,1.02,0,10,72.9
4.8,1.3,2186,1,67,1.83,1.02,0,20,66.5
6.1,2.34,2702.3,1.81,19.337,2.68,1.46,0,0.2,209.1
6.1,2.34,2702.3,1.81,19.337,2.68,1.46,0,0.5,184.1
6.1,2.34,2702.3,1.81,19.337,2.68,1.46,0,1,168
6.1,2.34,2702.3,1.81,19.337,2.68,1.46,0,2,155.1
6.1,2.34,2702.3,1.81,19.337,2.68,1.46,0,5,140.8
6.1,2.34,2702.3,1.81,19.337,2.68,1.46,0,10,117.2
6.1,2.34,2702.3,1.81,19.337,2.68,1.46,0,20,105.7
11.38,8.71,499.8,0.504,20.488,4.04,1.07,0,0.1,115.4
11.38,8.71,499.8,0.504,20.488,4.04,1.07,0,0.2,104.4
11.38,8.71,499.8,0.504,20.488,4.04,1.07,0,0.5,96.6
11.38,8.71,499.8,0.504,20.488,4.04,1.07,0,0.8,93.1
11.38,8.71,499.8,0.504,20.488,4.04,1.07,0,1,90.1
11.38,8.71,499.8,0.504,20.488,4.04,1.07,0,2,84.7
11.38,8.71,499.8,0.504,20.488,4.04,1.07,0,5,75.5
11.38,8.71,499.8,0.504,20.488,4.04,1.07,0,8,69.4
11.38,8.71,499.8,0.504,20.488,4.04,1.07,0,10,66.4
8.21,0,747.9,0.6,40,3.19,0.93,0,0.05,35.6
8.21,0,747.9,0.6,40,3.19,0.93,0,0.1,26.8
8.21,0,747.9,0.6,40,3.19,0.93,0,0.25,22.1
8.21,0,747.9,0.6,40,3.19,0.93,0,0.3,20.1
8.21,0,747.9,0.6,40,3.19,0.93,0,0.5,18.1
8.21,0,747.9,0.6,40,3.19,0.93,0,1,16.5
8.21,0,747.9,0.6,40,3.19,0.93,0,2,15.8
8.21,0,747.9,0.6,40,3.19,0.93,0,3,13.1
7.83,0,573.8,0.92,6.52,6.4,0.91,0,0.05,44.1
7.83,0,573.8,0.92,6.52,6.4,0.91,0,0.1,34.8
7.83,0,573.8,0.92,6.52,6.4,0.91,0,0.25,28.6
7.83,0,573.8,0.92,6.52,6.4,0.91,0,0.3,26.2
7.83,0,573.8,0.92,6.52,6.4,0.91,0,0.5,23.3
7.83,0,573.8,0.92,6.52,6.4,0.91,0,1,20.5
7.83,0,573.8,0.92,6.52,6.4,0.91,0,2,18.4
7.83,0,573.8,0.92,6.52,6.4,0.91,0,3,17.5
7.83,0,573.8,0.92,6.52,6.4,0.91,0,5,16.4
7.83,0,573.8,0.92,6.52,6.4,0.91,0,10,15.3
7.83,0,573.8,0.92,6.52,6.4,0.91,0,15,14.3
7.83,0,573.8,0.92,6.52,6.4,0.91,0,20,14
5.12,0,907.9,0.68,40,3,0.89,0,0.05,114.5
5.12,0,907.9,0.68,40,3,0.89,0,0.1,90.6
5.12,0,907.9,0.68,40,3,0.89,0,0.25,78.6
5.12,0,907.9,0.68,40,3,0.89,0,0.3,72.9
5.12,0,907.9,0.68,40,3,0.89,0,0.5,67.8
5.12,0,907.9,0.68,40,3,0.89,0,1,62.1
5.12,0,907.9,0.68,40,3,0.89,0,2,58.1
5.12,0,907.9,0.68,40,3,0.89,0,3,55.5
5.12,0,907.9,0.68,40,3,0.89,0,5,51.9
5.12,0,907.9,0.68,40,3,0.89,0,10,47
5.12,0,907.9,0.68,40,3,0.89,0,15,43.5
5.12,0,907.9,0.68,40,3,0.89,0,20,41.4
