O,N,SSA,PV,RMIC,Dap,IDperIG,M,Anion,AML,PW,CD,Cs
7.15,3.52,1546.1,0.5753,93.9857465670085,1.4883901429403017,1.029,2,1,1.0,1.6,0.1,85.0
21.55,3.29,1140.8,0.86,20.930232558139533,3.015427769985975,0.82,1,0,2.5,1.8,0.1,90.2
21.55,3.29,1140.8,0.86,20.930232558139533,3.015427769985975,0.82,1,0,2.5,1.8,0.25,86.3
21.55,3.29,1140.8,0.86,20.930232558139533,3.015427769985975,0.82,1,0,2.5,1.8,0.5,79.9
21.55,3.29,1140.8,0.86,20.930232558139533,3.015427769985975,0.82,1,0,2.5,1.8,1.0,70.3
21.55,3.29,1140.8,0.86,20.930232558139533,3.015427769985975,0.82,1,0,2.5,1.8,2.0,64.8
21.55,3.29,1140.8,0.86,20.930232558139533,3.015427769985975,0.82,1,0,2.5,1.8,5.0,51.5
21.55,3.29,1140.8,0.86,20.930232558139533,3.015427769985975,0.82,1,0,2.5,1.8,10.0,38.5
21.55,3.29,1140.8,0.86,20.930232558139533,3.015427769985975,0.82,1,0,2.5,1.8,20.0,23.3
8.2,5.3,879.0,0.447,60.62639821029083,2.0341296928327646,2.27,2,1,1.0,1.6,0.1,136.8
8.2,5.3,879.0,0.447,60.62639821029083,2.0341296928327646,2.27,2,1,1.0,1.6,0.5,110.9
8.2,5.3,879.0,0.447,60.62639821029083,2.0341296928327646,2.27,2,1,1.0,1.6,1.0,102.6
8.2,5.3,879.0,0.447,60.62639821029083,2.0341296928327646,2.27,2,1,1.0,1.6,5.0,76.1
8.2,5.3,879.0,0.447,60.62639821029083,2.0341296928327646,2.27,2,1,1.0,1.6,10.0,66.5
5.68,1.49,1640.1,1.41,32.62411347517731,7.91,0.95,2,1,2.0,1.6,0.05,109.66
5.68,1.49,1640.1,1.41,32.62411347517731,7.91,0.95,2,1,2.0,1.6,0.1,93.3
5.68,1.49,1640.1,1.41,32.62411347517731,7.91,0.95,2,1,2.0,1.6,0.2,84.6
5.68,1.49,1640.1,1.41,32.62411347517731,7.91,0.95,2,1,2.0,1.6,0.3,81.0
5.68,1.49,1640.1,1.41,32.62411347517731,7.91,0.95,2,1,2.0,1.6,0.5,76.3
5.68,1.49,1640.1,1.41,32.62411347517731,7.91,0.95,2,1,2.0,1.6,1.0,71.6
5.68,1.49,1640.1,1.41,32.62411347517731,7.91,0.95,2,1,2.0,1.6,2.0,67.6
5.68,1.49,1640.1,1.41,32.62411347517731,7.91,0.95,2,1,2.0,1.6,3.0,65.1
5.68,1.49,1640.1,1.41,32.62411347517731,7.91,0.95,2,1,2.0,1.6,5.0,62.4
5.68,1.49,1640.1,1.41,32.62411347517731,7.91,0.95,2,1,2.0,1.6,10.0,59.5
5.68,1.49,1640.1,1.41,32.62411347517731,7.91,0.95,2,1,2.0,1.6,15.0,58.4
5.68,1.49,1640.1,1.41,32.62411347517731,7.91,0.95,2,1,2.0,1.6,20.0,57.1
11.5,6.7,642.0,1.03,14.563106796116504,3.73,0.964,1,1,2.0,1.6,0.1,133.7
11.5,6.7,642.0,1.03,14.563106796116504,3.73,0.964,1,1,2.0,1.6,0.2,102.5
11.5,6.7,642.0,1.03,14.563106796116504,3.73,0.964,1,1,2.0,1.6,0.5,84.3
11.5,6.7,642.0,1.03,14.563106796116504,3.73,0.964,1,1,2.0,1.6,1.0,75.0
11.5,6.7,642.0,1.03,14.563106796116504,3.73,0.964,1,1,2.0,1.6,2.0,69.1
11.5,6.7,642.0,1.03,14.563106796116504,3.73,0.964,1,1,2.0,1.6,5.0,61.7
11.5,6.7,642.0,1.03,14.563106796116504,3.73,0.964,1,1,2.0,1.6,10.0,56.6
11.5,6.7,642.0,1.03,14.563106796116504,3.73,0.964,1,1,2.0,1.6,20.0,51.9
11.5,6.7,642.0,1.03,14.563106796116504,3.73,0.964,1,1,2.0,1.6,50.0,45.6
11.5,6.7,642.0,1.03,14.563106796116504,3.73,0.964,1,1,2.0,1.6,100.0,39.7
11.5,6.7,642.0,1.03,14.563106796116504,3.73,0.964,1,1,2.0,1.6,200.0,30.6
14.9,3.1,620.0,0.86,15.116279069767444,3.66,0.962,1,1,2.0,1.6,0.1,104.4
14.9,3.1,620.0,0.86,15.116279069767444,3.66,0.962,1,1,2.0,1.6,0.2,83.0
14.9,3.1,620.0,0.86,15.116279069767444,3.66,0.962,1,1,2.0,1.6,0.5,69.7
14.9,3.1,620.0,0.86,15.116279069767444,3.66,0.962,1,1,2.0,1.6,1.0,61.7
14.9,3.1,620.0,0.86,15.116279069767444,3.66,0.962,1,1,2.0,1.6,2.0,56.0
14.9,3.1,620.0,0.86,15.116279069767444,3.66,0.962,1,1,2.0,1.6,5.0,50.4
14.9,3.1,620.0,0.86,15.116279069767444,3.66,0.962,1,1,2.0,1.6,10.0,46.6
14.9,3.1,620.0,0.86,15.116279069767444,3.66,0.962,1,1,2.0,1.6,20.0,43.7
14.9,3.1,620.0,0.86,15.116279069767444,3.66,0.962,1,1,2.0,1.6,50.0,39.1
14.9,3.1,620.0,0.86,15.116279069767444,3.66,0.962,1,1,2.0,1.6,100.0,35.4
14.9,3.1,620.0,0.86,15.116279069767444,3.66,0.962,1,1,2.0,1.6,200.0,30.4
11.2,4.2,697.0,0.83,21.686746987951807,3.21,0.958,1,1,2.0,1.6,0.1,92.4
11.2,4.2,697.0,0.83,21.686746987951807,3.21,0.958,1,1,2.0,1.6,0.2,73.1
11.2,4.2,697.0,0.83,21.686746987951807,3.21,0.958,1,1,2.0,1.6,0.5,62.4
11.2,4.2,697.0,0.83,21.686746987951807,3.21,0.958,1,1,2.0,1.6,1.0,56.0
11.2,4.2,697.0,0.83,21.686746987951807,3.21,0.958,1,1,2.0,1.6,2.0,51.3
11.2,4.2,697.0,0.83,21.686746987951807,3.21,0.958,1,1,2.0,1.6,5.0,45.7
11.2,4.2,697.0,0.83,21.686746987951807,3.21,0.958,1,1,2.0,1.6,10.0,42.3
11.2,4.2,697.0,0.83,21.686746987951807,3.21,0.958,1,1,2.0,1.6,20.0,38.9
11.2,4.2,697.0,0.83,21.686746987951807,3.21,0.958,1,1,2.0,1.6,50.0,33.3
11.2,4.2,697.0,0.83,21.686746987951807,3.21,0.958,1,1,2.0,1.6,100.0,28.7
11.2,4.2,697.0,0.83,21.686746987951807,3.21,0.958,1,1,2.0,1.6,200.0,27.2
12.04,8.29,1530.9,0.96,38.54166666666667,2.50832843425436,0.86,1,0,2.4,1.6,0.1,204.7
12.04,8.29,1530.9,0.96,38.54166666666667,2.50832843425436,0.86,1,0,2.4,1.6,0.2,181.5
12.04,8.29,1530.9,0.96,38.54166666666667,2.50832843425436,0.86,1,0,2.4,1.6,0.5,165.9
12.04,8.29,1530.9,0.96,38.54166666666667,2.50832843425436,0.86,1,0,2.4,1.6,1.0,152.7
12.04,8.29,1530.9,0.96,38.54166666666667,2.50832843425436,0.86,1,0,2.4,1.6,2.0,141.1
12.04,8.29,1530.9,0.96,38.54166666666667,2.50832843425436,0.86,1,0,2.4,1.6,5.0,134.2
12.04,8.29,1530.9,0.96,38.54166666666667,2.50832843425436,0.86,1,0,2.4,1.6,10.0,128.6
20.61,3.95,544.83,0.26,95.4462859974671,1.90885230255309,0.96,2,1,2.0,1.8,0.1,134.5
20.61,3.95,544.83,0.26,95.4462859974671,1.90885230255309,0.96,2,1,2.0,1.8,0.2,110.2
20.61,3.95,544.83,0.26,95.4462859974671,1.90885230255309,0.96,2,1,2.0,1.8,0.4,93.0
20.61,3.95,544.83,0.26,95.4462859974671,1.90885230255309,0.96,2,1,2.0,1.8,0.5,86.7
20.61,3.95,544.83,0.26,95.4462859974671,1.90885230255309,0.96,2,1,2.0,1.8,1.0,72.9
20.61,3.95,544.83,0.26,95.4462859974671,1.90885230255309,0.96,2,1,2.0,1.8,2.0,57.0
20.61,3.95,544.83,0.26,95.4462859974671,1.90885230255309,0.96,2,1,2.0,1.8,3.0,48.0
20.61,3.95,544.83,0.26,95.4462859974671,1.90885230255309,0.96,2,1,2.0,1.8,4.0,41.5
18.15,3.51,648.22,0.32,94.93690413748418,1.9746382401036684,1.01,2,1,2.0,1.8,0.1,156.54
18.15,3.51,648.22,0.32,94.93690413748418,1.9746382401036684,1.01,2,1,2.0,1.8,0.2,132.3
18.15,3.51,648.22,0.32,94.93690413748418,1.9746382401036684,1.01,2,1,2.0,1.8,0.3,111.55
18.15,3.51,648.22,0.32,94.93690413748418,1.9746382401036684,1.01,2,1,2.0,1.8,0.4,105.4
18.15,3.51,648.22,0.32,94.93690413748418,1.9746382401036684,1.01,2,1,2.0,1.8,0.5,98.5
18.15,3.51,648.22,0.32,94.93690413748418,1.9746382401036684,1.01,2,1,2.0,1.8,1.0,86.8
18.15,3.51,648.22,0.32,94.93690413748418,1.9746382401036684,1.01,2,1,2.0,1.8,2.0,70.5
18.15,3.51,648.22,0.32,94.93690413748418,1.9746382401036684,1.01,2,1,2.0,1.8,3.0,59.2
18.15,3.51,648.22,0.32,94.93690413748418,1.9746382401036684,1.01,2,1,2.0,1.8,4.0,51.8
15.17,1.8,225.22,0.1,92.01225468430867,1.81,1.08,2,1,2.0,1.8,0.1,84.5
15.17,1.8,225.22,0.1,92.01225468430867,1.81,1.08,2,1,2.0,1.8,0.2,63.4
15.17,1.8,225.22,0.1,92.01225468430867,1.81,1.08,2,1,2.0,1.8,0.4,50.7
15.17,1.8,225.22,0.1,92.01225468430867,1.81,1.08,2,1,2.0,1.8,0.5,45.0
15.17,1.8,225.22,0.1,92.01225468430867,1.81,1.08,2,1,2.0,1.8,1.0,34.5
15.17,1.8,225.22,0.1,92.01225468430867,1.81,1.08,2,1,2.0,1.8,2.0,24.5
15.17,1.8,225.22,0.1,92.01225468430867,1.81,1.08,2,1,2.0,1.8,3.0,19.7
15.17,1.8,225.22,0.1,92.01225468430867,1.81,1.08,2,1,2.0,1.8,4.0,17.0
11.92,0.0,2228.0,1.07,59.813084112149525,1.9210053859964094,1.5,1,1,2.0,1.75,0.2,153.0
11.92,0.0,2228.0,1.07,59.813084112149525,1.9210053859964094,1.5,1,1,2.0,1.75,0.5,125.0
11.92,0.0,2228.0,1.07,59.813084112149525,1.9210053859964094,1.5,1,1,2.0,1.75,1.0,110.0
11.92,0.0,2228.0,1.07,59.813084112149525,1.9210053859964094,1.5,1,1,2.0,1.75,2.0,98.0
11.92,0.0,2228.0,1.07,59.813084112149525,1.9210053859964094,1.5,1,1,2.0,1.75,5.0,84.0
11.92,0.0,2228.0,1.07,59.813084112149525,1.9210053859964094,1.5,1,1,2.0,1.75,10.0,75.0
5.5,2.53,947.0,0.54,50.0,2.27,0.855,1,1,1.5,1.6,0.5,117.9
5.5,2.53,947.0,0.54,50.0,2.27,0.855,1,1,1.5,1.6,20.0,71.0
9.64,3.44,1624.0,0.918,65.25054466230937,2.2610837438423643,0.999,1,1,2.0,1.6,0.1,119.9
9.64,3.44,1624.0,0.918,65.25054466230937,2.2610837438423643,0.999,1,1,2.0,1.6,0.2,108.3
9.64,3.44,1624.0,0.918,65.25054466230937,2.2610837438423643,0.999,1,1,2.0,1.6,0.5,100.2
9.64,3.44,1624.0,0.918,65.25054466230937,2.2610837438423643,0.999,1,1,2.0,1.6,1.0,94.6
9.64,3.44,1624.0,0.918,65.25054466230937,2.2610837438423643,0.999,1,1,2.0,1.6,2.0,90.4
9.64,3.44,1624.0,0.918,65.25054466230937,2.2610837438423643,0.999,1,1,2.0,1.6,5.0,84.8
9.64,3.44,1624.0,0.918,65.25054466230937,2.2610837438423643,0.999,1,1,2.0,1.6,20.0,81.1
8.42,1.64,1949.0,1.133,45.80759046778464,2.3252950230887635,0.917,1,1,2.0,1.6,0.1,159.9
8.42,1.64,1949.0,1.133,45.80759046778464,2.3252950230887635,0.917,1,1,2.0,1.6,0.2,139.2
8.42,1.64,1949.0,1.133,45.80759046778464,2.3252950230887635,0.917,1,1,10.0,1.6,0.5,124.8
8.42,1.64,1949.0,1.133,45.80759046778464,2.3252950230887635,0.917,1,1,10.0,1.6,1.0,116.0
8.42,1.64,1949.0,1.133,45.80759046778464,2.3252950230887635,0.917,1,1,10.0,1.6,2.0,109.9
8.42,1.64,1949.0,1.133,45.80759046778464,2.3252950230887635,0.917,1,1,10.0,1.6,5.0,101.9
8.42,1.64,1949.0,1.133,45.80759046778464,2.3252950230887635,0.917,1,1,10.0,1.6,20.0,94.0
5.52,0.89,2276.0,1.331,20.961682945154024,2.3391915641476273,0.872,1,1,2.0,1.6,0.1,114.2
5.52,0.89,2276.0,1.331,20.961682945154024,2.3391915641476273,0.872,1,1,2.0,1.6,0.2,104.8
5.52,0.89,2276.0,1.331,20.961682945154024,2.3391915641476273,0.872,1,1,2.0,1.6,0.5,95.6
5.52,0.89,2276.0,1.331,20.961682945154024,2.3391915641476273,0.872,1,1,2.0,1.6,1.0,90.0
5.52,0.89,2276.0,1.331,20.961682945154024,2.3391915641476273,0.872,1,1,2.0,1.6,2.0,86.8
5.52,0.89,2276.0,1.331,20.961682945154024,2.3391915641476273,0.872,1,1,2.0,1.6,5.0,82.4
5.52,0.89,2276.0,1.331,20.961682945154024,2.3391915641476273,0.872,1,1,2.0,1.6,20.0,78.5
7.71,0.0,804.0,0.315,62.189054726368155,1.5671641791044777,0.97,1,1,1.2,1.6,0.5,48.3
7.71,0.0,804.0,0.315,62.189054726368155,1.5671641791044777,0.97,1,1,1.2,1.6,1.0,43.4
7.71,0.0,804.0,0.315,62.189054726368155,1.5671641791044777,0.97,1,1,1.2,1.6,2.0,38.9
7.71,0.0,804.0,0.315,62.189054726368155,1.5671641791044777,0.97,1,1,1.2,1.6,3.0,36.5
7.71,0.0,804.0,0.315,62.189054726368155,1.5671641791044777,0.97,1,1,1.2,1.6,4.0,34.8
7.71,0.0,804.0,0.315,62.189054726368155,1.5671641791044777,0.97,1,1,1.2,1.6,5.0,33.2
7.71,0.0,804.0,0.315,62.189054726368155,1.5671641791044777,0.97,1,1,1.2,1.6,7.0,30.2
7.71,0.0,804.0,0.315,62.189054726368155,1.5671641791044777,0.97,1,1,1.2,1.6,10.0,26.7
7.71,0.0,804.0,0.315,62.189054726368155,1.5671641791044777,0.97,1,1,1.2,1.6,15.0,24.7
7.71,0.0,804.0,0.315,62.189054726368155,1.5671641791044777,0.97,1,1,1.2,1.6,20.0,21.6
8.06,0.0,1770.0,0.721,57.6271186440678,1.6293785310734463,1.1,1,1,1.2,1.6,0.5,177.7
8.06,0.0,1770.0,0.721,57.6271186440678,1.6293785310734463,1.1,1,1,1.2,1.6,1.0,148.5
8.06,0.0,1770.0,0.721,57.6271186440678,1.6293785310734463,1.1,1,1,1.2,1.6,2.0,135.5
8.06,0.0,1770.0,0.721,57.6271186440678,1.6293785310734463,1.1,1,1,1.2,1.6,3.0,127.9
8.06,0.0,1770.0,0.721,57.6271186440678,1.6293785310734463,1.1,1,1,1.2,1.6,4.0,122.1
8.06,0.0,1770.0,0.721,57.6271186440678,1.6293785310734463,1.1,1,1,1.2,1.6,5.0,117.0
8.06,0.0,1770.0,0.721,57.6271186440678,1.6293785310734463,1.1,1,1,1.2,1.6,7.0,107.5
8.06,0.0,1770.0,0.721,57.6271186440678,1.6293785310734463,1.1,1,1,1.2,1.6,10.0,102.9
8.06,0.0,1770.0,0.721,57.6271186440678,1.6293785310734463,1.1,1,1,1.2,1.6,15.0,91.3
8.06,0.0,1770.0,0.721,57.6271186440678,1.6293785310734463,1.1,1,1,1.2,1.6,20.0,85.5
9.3,0.0,1781.0,0.784,53.340819764177425,1.7608085345311624,1.18,1,1,1.2,1.6,0.5,108.2
9.3,0.0,1781.0,0.784,53.340819764177425,1.7608085345311624,1.18,1,1,1.2,1.6,1.0,96.6
9.3,0.0,1781.0,0.784,53.340819764177425,1.7608085345311624,1.18,1,1,1.2,1.6,2.0,86.9
9.3,0.0,1781.0,0.784,53.340819764177425,1.7608085345311624,1.18,1,1,1.2,1.6,3.0,82.0
9.3,0.0,1781.0,0.784,53.340819764177425,1.7608085345311624,1.18,1,1,1.2,1.6,4.0,78.7
9.3,0.0,1781.0,0.784,53.340819764177425,1.7608085345311624,1.18,1,1,1.2,1.6,5.0,75.2
9.3,0.0,1781.0,0.784,53.340819764177425,1.7608085345311624,1.18,1,1,1.2,1.6,7.0,72.0
9.3,0.0,1781.0,0.784,53.340819764177425,1.7608085345311624,1.18,1,1,1.2,1.6,10.0,67.1
9.3,0.0,1781.0,0.784,53.340819764177425,1.7608085345311624,1.18,1,1,1.2,1.6,15.0,60.5
9.3,0.0,1781.0,0.784,53.340819764177425,1.7608085345311624,1.18,1,1,1.2,1.6,20.0,57.0
6.99,1.59,2465.9,1.29,0.0,2.092542276653554,0.912,2,1,2.0,1.8,0.05,108.5
6.99,1.59,2465.9,1.29,0.0,2.092542276653554,0.912,2,1,2.0,1.8,0.1,85.9
6.99,1.59,2465.9,1.29,0.0,2.092542276653554,0.912,2,1,2.0,1.8,0.2,73.1
6.99,1.59,2465.9,1.29,0.0,2.092542276653554,0.912,2,1,2.0,1.8,0.3,68.7
6.99,1.59,2465.9,1.29,0.0,2.092542276653554,0.912,2,1,2.0,1.8,0.5,65.0
6.99,1.59,2465.9,1.29,0.0,2.092542276653554,0.912,2,1,2.0,1.8,1.0,60.8
6.99,1.59,2465.9,1.29,0.0,2.092542276653554,0.912,2,1,2.0,1.8,2.0,55.3
6.99,1.59,2465.9,1.29,0.0,2.092542276653554,0.912,2,1,2.0,1.8,3.0,52.7
6.99,1.59,2465.9,1.29,0.0,2.092542276653554,0.912,2,1,2.0,1.8,5.0,49.2
6.99,1.59,2465.9,1.29,0.0,2.092542276653554,0.912,2,1,2.0,1.8,10.0,44.5
6.99,1.59,2465.9,1.29,0.0,2.092542276653554,0.912,2,1,2.0,1.8,15.0,41.6
6.99,1.59,2465.9,1.29,0.0,2.092542276653554,0.912,2,1,2.0,1.8,20.0,41.0
3.9,9.7,844.0,0.41,77.3696682464455,1.9431279620853081,0.99,1,1,1.0,2.0,0.1,189.4
3.9,9.7,844.0,0.41,77.3696682464455,1.9431279620853081,0.99,1,1,1.0,2.0,0.2,154.5
3.9,9.7,844.0,0.41,77.3696682464455,1.9431279620853081,0.99,1,1,1.0,2.0,0.5,131.5
3.9,9.7,844.0,0.41,77.3696682464455,1.9431279620853081,0.99,1,1,1.0,2.0,1.0,130.4
3.9,9.7,844.0,0.41,77.3696682464455,1.9431279620853081,0.99,1,1,1.0,2.0,2.0,117.9
3.9,9.7,844.0,0.41,77.3696682464455,1.9431279620853081,0.99,1,1,1.0,2.0,3.0,112.3
3.9,9.7,844.0,0.41,77.3696682464455,1.9431279620853081,0.99,1,1,1.0,2.0,4.0,107.7
3.9,9.7,844.0,0.41,77.3696682464455,1.9431279620853081,0.99,1,1,1.0,2.0,5.0,104.9
3.9,9.7,844.0,0.41,77.3696682464455,1.9431279620853081,0.99,1,1,1.0,2.0,7.0,102.2
3.9,9.7,844.0,0.41,77.3696682464455,1.9431279620853081,0.99,1,1,1.0,2.0,10.0,100.3
4.81,1.09,972.4,1.67,22.9020979020979,6.869600987248046,0.82,2,1,2.5,1.6,0.2,104.9
4.81,1.09,972.4,1.67,22.9020979020979,6.869600987248046,0.82,2,1,2.5,1.6,0.5,91.0
4.81,1.09,972.4,1.67,22.9020979020979,6.869600987248046,0.82,2,1,2.5,1.6,1.0,84.9
4.81,1.09,972.4,1.67,22.9020979020979,6.869600987248046,0.82,2,1,2.5,1.6,2.0,78.2
4.81,1.09,972.4,1.67,22.9020979020979,6.869600987248046,0.82,2,1,2.5,1.6,3.0,74.2
4.81,1.09,972.4,1.67,22.9020979020979,6.869600987248046,0.82,2,1,2.5,1.6,4.0,70.8
4.81,1.09,972.4,1.67,22.9020979020979,6.869600987248046,0.82,2,1,2.5,1.6,5.0,68.5
4.81,1.09,972.4,1.67,22.9020979020979,6.869600987248046,0.82,2,1,2.5,1.6,10.0,60.3
4.81,1.09,972.4,1.67,22.9020979020979,6.869600987248046,0.82,2,1,2.5,1.6,15.0,56.5
4.81,1.09,972.4,1.67,22.9020979020979,6.869600987248046,0.82,2,1,2.5,1.6,20.0,52.1
4.81,1.09,972.4,1.67,22.9020979020979,6.869600987248046,0.82,2,1,2.5,1.6,30.0,44.8
4.89,1.74,1666.8,2.42,10.68514518838493,5.807535397168227,0.88,2,1,2.5,1.6,0.2,132.9
4.89,1.74,1666.8,2.42,10.68514518838493,5.807535397168227,0.88,2,1,2.5,1.6,0.5,114.4
4.89,1.74,1666.8,2.42,10.68514518838493,5.807535397168227,0.88,2,1,2.5,1.6,1.0,108.9
4.89,1.74,1666.8,2.42,10.68514518838493,5.807535397168227,0.88,2,1,2.5,1.6,2.0,99.4
4.89,1.74,1666.8,2.42,10.68514518838493,5.807535397168227,0.88,2,1,2.5,1.6,3.0,95.6
4.89,1.74,1666.8,2.42,10.68514518838493,5.807535397168227,0.88,2,1,2.5,1.6,4.0,91.1
4.89,1.74,1666.8,2.42,10.68514518838493,5.807535397168227,0.88,2,1,2.5,1.6,5.0,89.9
4.89,1.74,1666.8,2.42,10.68514518838493,5.807535397168227,0.88,2,1,2.5,1.6,10.0,83.3
4.89,1.74,1666.8,2.42,10.68514518838493,5.807535397168227,0.88,2,1,2.5,1.6,15.0,80.8
4.89,1.74,1666.8,2.42,10.68514518838493,5.807535397168227,0.88,2,1,2.5,1.6,20.0,76.6
4.89,1.74,1666.8,2.42,10.68514518838493,5.807535397168227,0.88,2,1,2.5,1.6,30.0,73.3
4.89,1.74,1666.8,2.42,10.68514518838493,5.807535397168227,0.88,2,1,2.5,1.6,40.0,68.8
4.89,1.74,1666.8,2.42,10.68514518838493,5.807535397168227,0.88,2,1,2.5,1.6,50.0,65.2
6.42,2.75,1301.6,3.04,9.71880762138906,9.342347879532884,0.92,2,1,2.5,1.6,0.2,67.8
6.42,2.75,1301.6,3.04,9.71880762138906,9.342347879532884,0.92,2,1,2.5,1.6,0.5,59.8
6.42,2.75,1301.6,3.04,9.71880762138906,9.342347879532884,0.92,2,1,2.5,1.6,1.0,56.8
6.42,2.75,1301.6,3.04,9.71880762138906,9.342347879532884,0.92,2,1,2.5,1.6,2.0,53.2
6.42,2.75,1301.6,3.04,9.71880762138906,9.342347879532884,0.92,2,1,2.5,1.6,3.0,51.7
6.42,2.75,1301.6,3.04,9.71880762138906,9.342347879532884,0.92,2,1,2.5,1.6,4.0,49.9
6.42,2.75,1301.6,3.04,9.71880762138906,9.342347879532884,0.92,2,1,2.5,1.6,5.0,49.2
6.42,2.75,1301.6,3.04,9.71880762138906,9.342347879532884,0.92,2,1,2.5,1.6,10.0,45.5
6.42,2.75,1301.6,3.04,9.71880762138906,9.342347879532884,0.92,2,1,2.5,1.6,15.0,43.7
6.42,2.75,1301.6,3.04,9.71880762138906,9.342347879532884,0.92,2,1,2.5,1.6,20.0,41.1
6.42,2.75,1301.6,3.04,9.71880762138906,9.342347879532884,0.92,2,1,2.5,1.6,30.0,37.4
4.77,0.0,1644.0,0.96,57.08333333333334,2.335766423357664,1.06,1,1,1.77,1.6,0.1,52.9
4.77,0.0,1644.0,0.96,57.08333333333334,2.335766423357664,1.06,1,1,1.77,1.6,0.2,48.7
4.77,0.0,1644.0,0.96,57.08333333333334,2.335766423357664,1.06,1,1,1.77,1.6,0.5,43.8
4.77,0.0,1644.0,0.96,57.08333333333334,2.335766423357664,1.06,1,1,1.77,1.6,1.0,40.0
4.77,0.0,1644.0,0.96,57.08333333333334,2.335766423357664,1.06,1,1,1.77,1.6,2.0,36.5
4.77,0.0,1644.0,0.96,57.08333333333334,2.335766423357664,1.06,1,1,1.77,1.6,5.0,31.4
4.77,0.0,1644.0,0.96,57.08333333333334,2.335766423357664,1.06,1,1,1.77,1.6,10.0,26.9
4.77,0.0,1644.0,0.96,57.08333333333334,2.335766423357664,1.06,1,1,1.77,1.6,20.0,21.4
9.1,3.1,1055.0,0.95,36.84210526315789,3.6018957345971563,1.06,2,1,1.0,1.7,0.1,230.0
9.1,3.1,1055.0,0.95,36.84210526315789,3.6018957345971563,1.06,2,1,1.0,1.7,0.2,165.0
9.1,3.1,1055.0,0.95,36.84210526315789,3.6018957345971563,1.06,2,1,1.0,1.7,0.5,150.0
9.1,3.1,1055.0,0.95,36.84210526315789,3.6018957345971563,1.06,2,1,1.0,1.7,1.0,137.0
9.1,3.1,1055.0,0.95,36.84210526315789,3.6018957345971563,1.06,2,1,1.0,1.7,2.0,127.0
9.1,3.1,1055.0,0.95,36.84210526315789,3.6018957345971563,1.06,2,1,1.0,1.7,5.0,122.0
9.1,3.1,1055.0,0.95,36.84210526315789,3.6018957345971563,1.06,2,1,1.0,1.7,10.0,118.0
6.1,7.2,1843.0,1.1,30.909090909090907,2.387411828540423,1.01,2,1,1.0,1.6,0.5,181.0
6.1,7.2,1843.0,1.1,30.909090909090907,2.387411828540423,1.01,2,1,1.0,1.6,1.0,153.3
6.1,7.2,1843.0,1.1,30.909090909090907,2.387411828540423,1.01,2,1,1.0,1.6,2.0,137.2
6.1,7.2,1843.0,1.1,30.909090909090907,2.387411828540423,1.01,2,1,1.0,1.6,3.0,130.2
6.1,7.2,1843.0,1.1,30.909090909090907,2.387411828540423,1.01,2,1,1.0,1.6,5.0,121.7
6.1,7.2,1843.0,1.1,30.909090909090907,2.387411828540423,1.01,2,1,1.0,1.6,10.0,110.4
6.1,7.2,1843.0,1.1,30.909090909090907,2.387411828540423,1.01,2,1,1.0,1.6,15.0,104.0
4.2,6.3,543.0,0.9,11.111111111111112,6.629834254143646,0.99,2,1,1.0,1.6,0.5,110.0
4.2,6.3,543.0,0.9,11.111111111111112,6.629834254143646,0.99,2,1,1.0,1.6,1.0,97.8
4.2,6.3,543.0,0.9,11.111111111111112,6.629834254143646,0.99,2,1,1.0,1.6,2.0,89.8
4.2,6.3,543.0,0.9,11.111111111111112,6.629834254143646,0.99,2,1,1.0,1.6,3.0,84.9
4.2,6.3,543.0,0.9,11.111111111111112,6.629834254143646,0.99,2,1,1.0,1.6,5.0,78.4
4.2,6.3,543.0,0.9,11.111111111111112,6.629834254143646,0.99,2,1,1.0,1.6,10.0,67.2
4.2,6.3,543.0,0.9,11.111111111111112,6.629834254143646,0.99,2,1,1.0,1.6,15.0,58.2
10.8,5.7,1454.0,0.83,10.843373493975903,2.283356258596974,1.05,2,1,1.0,1.6,0.5,98.0
10.8,5.7,1454.0,0.83,10.843373493975903,2.283356258596974,1.05,2,1,1.0,1.6,1.0,81.7
10.8,5.7,1454.0,0.83,10.843373493975903,2.283356258596974,1.05,2,1,1.0,1.6,2.0,72.2
10.8,5.7,1454.0,0.83,10.843373493975903,2.283356258596974,1.05,2,1,1.0,1.6,3.0,67.0
10.8,5.7,1454.0,0.83,10.843373493975903,2.283356258596974,1.05,2,1,1.0,1.6,5.0,60.7
10.8,5.7,1454.0,0.83,10.843373493975903,2.283356258596974,1.05,2,1,1.0,1.6,10.0,50.9
10.8,5.7,1454.0,0.83,10.843373493975903,2.283356258596974,1.05,2,1,1.0,1.6,15.0,45.1
9.33,6.25,1021.0,1.07,67.97257590597454,4.191968658178257,0.84,3,0,10.0,1.8,0.2,122.3
9.33,6.25,1021.0,1.07,67.97257590597454,4.191968658178257,0.84,3,0,10.0,1.8,0.5,108.1
9.33,6.25,1021.0,1.07,67.97257590597454,4.191968658178257,0.84,3,0,10.0,1.8,1.0,103.8
9.33,6.25,1021.0,1.07,67.97257590597454,4.191968658178257,0.84,3,0,10.0,1.8,2.0,94.2
9.33,6.25,1021.0,1.07,67.97257590597454,4.191968658178257,0.84,3,0,10.0,1.8,5.0,85.6
9.33,6.25,1021.0,1.07,67.97257590597454,4.191968658178257,0.84,3,0,10.0,1.8,10.0,76.0
9.33,6.25,1021.0,1.07,67.97257590597454,4.191968658178257,0.84,3,0,10.0,1.8,20.0,59.1
8.0,8.12,1685.0,1.2,18.87240356083086,2.8486646884273,0.85,3,0,10.0,1.8,0.2,153.8
8.0,8.12,1685.0,1.2,18.87240356083086,2.8486646884273,0.85,3,0,10.0,1.8,0.5,146.9
8.0,8.12,1685.0,1.2,18.87240356083086,2.8486646884273,0.85,3,0,10.0,1.8,1.0,127.3
8.0,8.12,1685.0,1.2,18.87240356083086,2.8486646884273,0.85,3,0,10.0,1.8,2.0,117.0
8.0,8.12,1685.0,1.2,18.87240356083086,2.8486646884273,0.85,3,0,10.0,1.8,5.0,108.7
8.0,8.12,1685.0,1.2,18.87240356083086,2.8486646884273,0.85,3,0,10.0,1.8,10.0,95.5
8.0,8.12,1685.0,1.2,18.87240356083086,2.8486646884273,0.85,3,0,10.0,1.8,20.0,82.3
9.75,7.83,2370.0,2.18,28.987341772151897,3.679324894514768,0.85,3,0,10.0,1.8,0.2,250.0
9.75,7.83,2370.0,2.18,28.987341772151897,3.679324894514768,0.85,3,0,10.0,1.8,0.5,217.5
9.75,7.83,2370.0,2.18,28.987341772151897,3.679324894514768,0.85,3,0,10.0,1.8,1.0,184.3
9.75,7.83,2370.0,2.18,28.987341772151897,3.679324894514768,0.85,3,0,10.0,1.8,2.0,163.5
9.75,7.83,2370.0,2.18,28.987341772151897,3.679324894514768,0.85,3,0,10.0,1.8,5.0,156.8
9.75,7.83,2370.0,2.18,28.987341772151897,3.679324894514768,0.85,3,0,10.0,1.8,10.0,151.9
9.75,7.83,2370.0,2.18,28.987341772151897,3.679324894514768,0.85,3,0,10.0,1.8,20.0,149.2
9.75,7.83,2370.0,2.18,28.987341772151897,3.679324894514768,0.85,3,0,5.0,1.8,0.2,268.0
9.75,7.83,2370.0,2.18,28.987341772151897,3.679324894514768,0.85,3,0,20.0,1.8,0.2,210.0
4.41,12.14,494.0,0.27,62.96296296296296,2.1862348178137654,3.1,2,1,1.0,1.6,0.2,138.5
4.41,12.14,494.0,0.27,62.96296296296296,2.1862348178137654,3.1,2,1,1.0,1.6,0.5,112.9
4.41,12.14,494.0,0.27,62.96296296296296,2.1862348178137654,3.1,2,1,1.0,1.6,1.0,98.1
4.41,12.14,494.0,0.27,62.96296296296296,2.1862348178137654,3.1,2,1,1.0,1.6,2.0,89.3
4.41,12.14,494.0,0.27,62.96296296296296,2.1862348178137654,3.1,2,1,1.0,1.6,5.0,77.6
4.41,12.14,494.0,0.27,62.96296296296296,2.1862348178137654,3.1,2,1,1.0,1.6,10.0,69.0
4.41,12.14,494.0,0.27,62.96296296296296,2.1862348178137654,3.1,2,1,1.0,1.6,20.0,61.8
4.41,12.14,494.0,0.27,62.96296296296296,2.1862348178137654,3.1,2,1,1.0,1.6,40.0,48.7
4.41,12.14,494.0,0.27,62.96296296296296,2.1862348178137654,3.1,2,1,1.0,1.6,60.0,38.7
4.41,12.14,494.0,0.27,62.96296296296296,2.1862348178137654,3.1,2,1,1.0,1.6,80.0,28.8
5.51,5.19,642.0,0.58,15.517241379310345,3.6137071651090342,3.5,2,1,1.0,1.6,0.2,149.9
5.51,5.19,642.0,0.58,15.517241379310345,3.6137071651090342,3.5,2,1,1.0,1.6,0.5,128.2
5.51,5.19,642.0,0.58,15.517241379310345,3.6137071651090342,3.5,2,1,1.0,1.6,1.0,112.4
5.51,5.19,642.0,0.58,15.517241379310345,3.6137071651090342,3.5,2,1,1.0,1.6,2.0,102.5
5.51,5.19,642.0,0.58,15.517241379310345,3.6137071651090342,3.5,2,1,1.0,1.6,5.0,90.9
5.51,5.19,642.0,0.58,15.517241379310345,3.6137071651090342,3.5,2,1,1.0,1.6,10.0,83.2
5.51,5.19,642.0,0.58,15.517241379310345,3.6137071651090342,3.5,2,1,1.0,1.6,20.0,73.8
5.51,5.19,642.0,0.58,15.517241379310345,3.6137071651090342,3.5,2,1,1.0,1.6,40.0,63.3
5.51,5.19,642.0,0.58,15.517241379310345,3.6137071651090342,3.5,2,1,1.0,1.6,60.0,55.4
5.51,5.19,642.0,0.58,15.517241379310345,3.6137071651090342,3.5,2,1,1.0,1.6,80.0,46.9
7.41,0.53,1398.16,0.79,67.08860759493672,2.27,0.7,1,1,1.0,1.6,0.2,94.6
7.41,0.53,1398.16,0.79,67.08860759493672,2.27,0.7,1,1,1.0,1.6,0.5,84.0
7.41,0.53,1398.16,0.79,67.08860759493672,2.27,0.7,1,1,1.0,1.6,0.8,80.3
7.41,0.53,1398.16,0.79,67.08860759493672,2.27,0.7,1,1,1.0,1.6,1.0,77.9
7.41,0.53,1398.16,0.79,67.08860759493672,2.27,0.7,1,1,1.0,1.6,2.0,75.0
7.41,0.53,1398.16,0.79,67.08860759493672,2.27,0.7,1,1,1.0,1.6,5.0,71.3
7.41,0.53,1398.16,0.79,67.08860759493672,2.27,0.7,1,1,1.0,1.6,8.0,67.5
7.41,0.53,1398.16,0.79,67.08860759493672,2.27,0.7,1,1,1.0,1.6,10.0,65.7
3.37,0.0,3252.6,3.428,9.947491248541425,4.215704359589251,1.02,1,0,1.0,1.6,0.3,98.2
3.37,0.0,3252.6,3.428,9.947491248541425,4.215704359589251,1.02,1,0,1.0,1.6,0.5,94.2
3.37,0.0,3252.6,3.428,9.947491248541425,4.215704359589251,1.02,1,0,1.0,1.6,1.0,89.5
3.37,0.0,3252.6,3.428,9.947491248541425,4.215704359589251,1.02,1,0,1.0,1.6,3.0,80.1
3.37,0.0,3252.6,3.428,9.947491248541425,4.215704359589251,1.02,1,0,1.0,1.6,5.0,76.2
3.37,0.0,3252.6,3.428,9.947491248541425,4.215704359589251,1.02,1,0,1.0,1.6,8.0,73.0
3.37,0.0,3252.6,3.428,9.947491248541425,4.215704359589251,1.02,1,0,1.0,1.6,10.0,67.9
3.37,0.0,3252.6,3.428,9.947491248541425,4.215704359589251,1.02,1,0,1.0,1.6,20.0,61.2
3.37,0.0,3252.6,3.428,9.947491248541425,4.215704359589251,1.02,1,0,1.0,1.6,30.0,56.4
2.75,0.95,1687.1,1.75,9.2,4.149131646019797,1.11,1,0,1.0,1.6,0.3,111.6
2.75,0.95,1687.1,1.75,9.2,4.149131646019797,1.11,1,0,1.0,1.6,0.5,105.1
2.75,0.95,1687.1,1.75,9.2,4.149131646019797,1.11,1,0,1.0,1.6,1.0,102.0
2.75,0.95,1687.1,1.75,9.2,4.149131646019797,1.11,1,0,1.0,1.6,3.0,96.6
2.75,0.95,1687.1,1.75,9.2,4.149131646019797,1.11,1,0,1.0,1.6,5.0,92.4
2.75,0.95,1687.1,1.75,9.2,4.149131646019797,1.11,1,0,1.0,1.6,8.0,90.0
2.75,0.95,1687.1,1.75,9.2,4.149131646019797,1.11,1,0,1.0,1.6,10.0,88.5
2.75,0.95,1687.1,1.75,9.2,4.149131646019797,1.11,1,0,1.0,1.6,20.0,79.9
2.75,0.95,1687.1,1.75,9.2,4.149131646019797,1.11,1,0,1.0,1.6,30.0,72.4
1.91,2.99,2330.9,2.756,9.506531204644414,4.729503625209147,1.24,1,0,1.0,1.6,0.3,125.3
1.91,2.99,2330.9,2.756,9.506531204644414,4.729503625209147,1.24,1,0,1.0,1.6,0.5,117.3
1.91,2.99,2330.9,2.756,9.506531204644414,4.729503625209147,1.24,1,0,1.0,1.6,1.0,115.3
1.91,2.99,2330.9,2.756,9.506531204644414,4.729503625209147,1.24,1,0,1.0,1.6,3.0,105.9
1.91,2.99,2330.9,2.756,9.506531204644414,4.729503625209147,1.24,1,0,1.0,1.6,5.0,99.8
1.91,2.99,2330.9,2.756,9.506531204644414,4.729503625209147,1.24,1,0,1.0,1.6,8.0,97.5
1.91,2.99,2330.9,2.756,9.506531204644414,4.729503625209147,1.24,1,0,1.0,1.6,10.0,94.5
1.91,2.99,2330.9,2.756,9.506531204644414,4.729503625209147,1.24,1,0,1.0,1.6,20.0,88.9
1.91,2.99,2330.9,2.756,9.506531204644414,4.729503625209147,1.24,1,0,1.0,1.6,30.0,83.1
1.9,1.3,1317.4,1.384,11.199421965317919,4.2022164870198875,1.05,1,0,1.0,1.6,0.3,107.6
1.9,1.3,1317.4,1.384,11.199421965317919,4.2022164870198875,1.05,1,0,1.0,1.6,0.5,103.0
1.9,1.3,1317.4,1.384,11.199421965317919,4.2022164870198875,1.05,1,0,1.0,1.6,1.0,99.7
1.9,1.3,1317.4,1.384,11.199421965317919,4.2022164870198875,1.05,1,0,1.0,1.6,3.0,91.6
1.9,1.3,1317.4,1.384,11.199421965317919,4.2022164870198875,1.05,1,0,1.0,1.6,5.0,88.7
1.9,1.3,1317.4,1.384,11.199421965317919,4.2022164870198875,1.05,1,0,1.0,1.6,8.0,82.4
1.9,1.3,1317.4,1.384,11.199421965317919,4.2022164870198875,1.05,1,0,1.0,1.6,10.0,79.6
1.9,1.3,1317.4,1.384,11.199421965317919,4.2022164870198875,1.05,1,0,1.0,1.6,20.0,71.9
1.9,1.3,1317.4,1.384,11.199421965317919,4.2022164870198875,1.05,1,0,1.0,1.6,30.0,63.1
9.92,0.0,1667.33,1.23,52.84552845528455,2.9508255714225737,1.1,2,1,1.5,1.6,0.5,101.2
9.92,0.0,1667.33,1.23,52.84552845528455,2.9508255714225737,1.1,2,1,1.5,1.6,1.0,92.4
9.92,0.0,1667.33,1.23,52.84552845528455,2.9508255714225737,1.1,2,1,1.5,1.6,2.0,84.3
9.92,0.0,1667.33,1.23,52.84552845528455,2.9508255714225737,1.1,2,1,1.5,1.6,3.0,79.8
9.92,0.0,1667.33,1.23,52.84552845528455,2.9508255714225737,1.1,2,1,1.5,1.6,4.0,77.2
9.92,0.0,1667.33,1.23,52.84552845528455,2.9508255714225737,1.1,2,1,1.5,1.6,5.0,75.8
9.92,0.0,1667.33,1.23,52.84552845528455,2.9508255714225737,1.1,2,1,1.5,1.6,10.0,68.2
9.92,0.0,1667.33,1.23,52.84552845528455,2.9508255714225737,1.1,2,1,1.5,1.6,20.0,61.0
9.44,0.8,2295.25,1.63,55.82822085889572,2.8406491667574336,1.18,2,1,1.5,1.6,0.5,114.1
9.44,0.8,2295.25,1.63,55.82822085889572,2.8406491667574336,1.18,2,1,1.5,1.6,1.0,103.4
9.44,0.8,2295.25,1.63,55.82822085889572,2.8406491667574336,1.18,2,1,1.5,1.6,2.0,94.5
9.44,0.8,2295.25,1.63,55.82822085889572,2.8406491667574336,1.18,2,1,1.5,1.6,3.0,90.0
9.44,0.8,2295.25,1.63,55.82822085889572,2.8406491667574336,1.18,2,1,1.5,1.6,4.0,86.4
9.44,0.8,2295.25,1.63,55.82822085889572,2.8406491667574336,1.18,2,1,1.5,1.6,5.0,84.0
9.44,0.8,2295.25,1.63,55.82822085889572,2.8406491667574336,1.18,2,1,1.5,1.6,10.0,74.4
9.44,0.8,2295.25,1.63,55.82822085889572,2.8406491667574336,1.18,2,1,1.5,1.6,20.0,62.2
9.71,5.41,670.0,0.72,59.72222222222222,4.298507462686567,1.89,3,0,1.5,1.7,0.1,122.4
9.71,5.41,670.0,0.72,59.72222222222222,4.298507462686567,1.89,3,0,1.5,1.7,0.2,92.4
9.71,5.41,670.0,0.72,59.72222222222222,4.298507462686567,1.89,3,0,1.5,1.7,0.5,79.7
9.71,5.41,670.0,0.72,59.72222222222222,4.298507462686567,1.89,3,0,1.5,1.7,1.0,72.7
9.71,5.41,670.0,0.72,59.72222222222222,4.298507462686567,1.89,3,0,1.5,1.7,2.0,68.4
9.71,5.41,670.0,0.72,59.72222222222222,4.298507462686567,1.89,3,0,1.5,1.7,5.0,61.1
9.71,5.41,670.0,0.72,59.72222222222222,4.298507462686567,1.89,3,0,1.5,1.7,10.0,55.7
9.71,5.41,670.0,0.72,59.72222222222222,4.298507462686567,1.89,3,0,1.5,1.7,20.0,49.1
9.71,5.41,670.0,0.72,59.72222222222222,4.298507462686567,1.89,3,0,1.5,1.7,40.0,43.7
9.71,5.41,670.0,0.72,59.72222222222222,4.298507462686567,1.89,3,0,1.5,1.7,50.0,42.2
7.21,3.67,1777.0,1.56,57.692307692307686,3.5115362971299944,2.0,3,0,1.5,1.7,0.1,153.4
7.21,3.67,1777.0,1.56,57.692307692307686,3.5115362971299944,2.0,3,0,1.5,1.7,0.2,117.6
7.21,3.67,1777.0,1.56,57.692307692307686,3.5115362971299944,2.0,3,0,1.5,1.7,0.5,101.3
7.21,3.67,1777.0,1.56,57.692307692307686,3.5115362971299944,2.0,3,0,1.5,1.7,1.0,93.9
7.21,3.67,1777.0,1.56,57.692307692307686,3.5115362971299944,2.0,3,0,1.5,1.7,2.0,90.1
7.21,3.67,1777.0,1.56,57.692307692307686,3.5115362971299944,2.0,3,0,1.5,1.7,5.0,83.1
7.21,3.67,1777.0,1.56,57.692307692307686,3.5115362971299944,2.0,3,0,1.5,1.7,10.0,77.7
7.21,3.67,1777.0,1.56,57.692307692307686,3.5115362971299944,2.0,3,0,1.5,1.7,20.0,72.3
7.21,3.67,1777.0,1.56,57.692307692307686,3.5115362971299944,2.0,3,0,1.5,1.7,40.0,66.9
7.21,3.67,1777.0,1.56,57.692307692307686,3.5115362971299944,2.0,3,0,1.5,1.7,50.0,64.2
8.35,2.41,2511.0,2.17,43.77880184331797,3.45679012345679,2.07,3,0,1.5,1.7,0.1,191.4
8.35,2.41,2511.0,2.17,43.77880184331797,3.45679012345679,2.07,3,0,1.5,1.7,0.2,167.7
8.35,2.41,2511.0,2.17,43.77880184331797,3.45679012345679,2.07,3,0,1.5,1.7,0.5,149.1
8.35,2.41,2511.0,2.17,43.77880184331797,3.45679012345679,2.07,3,0,1.5,1.7,1.0,138.4
8.35,2.41,2511.0,2.17,43.77880184331797,3.45679012345679,2.07,3,0,1.5,1.7,2.0,130.8
8.35,2.41,2511.0,2.17,43.77880184331797,3.45679012345679,2.07,3,0,1.5,1.7,5.0,123.6
8.35,2.41,2511.0,2.17,43.77880184331797,3.45679012345679,2.07,3,0,1.5,1.7,10.0,116.7
8.35,2.41,2511.0,2.17,43.77880184331797,3.45679012345679,2.07,3,0,1.5,1.7,20.0,113.8
8.35,2.41,2511.0,2.17,43.77880184331797,3.45679012345679,2.07,3,0,1.5,1.7,40.0,105.6
8.35,2.41,2511.0,2.17,43.77880184331797,3.45679012345679,2.07,3,0,1.5,1.7,50.0,99.9
6.98,2.3,2353.0,2.14,37.850467289719624,3.637909052273693,2.18,3,0,1.5,1.7,0.1,158.6
6.98,2.3,2353.0,2.14,37.850467289719624,3.637909052273693,2.18,3,0,1.5,1.7,0.2,127.2
6.98,2.3,2353.0,2.14,37.850467289719624,3.637909052273693,2.18,3,0,1.5,1.7,0.5,112.1
6.98,2.3,2353.0,2.14,37.850467289719624,3.637909052273693,2.18,3,0,1.5,1.7,1.0,104.0
6.98,2.3,2353.0,2.14,37.850467289719624,3.637909052273693,2.18,3,0,1.5,1.7,2.0,99.3
6.98,2.3,2353.0,2.14,37.850467289719624,3.637909052273693,2.18,3,0,1.5,1.7,5.0,91.6
6.98,2.3,2353.0,2.14,37.850467289719624,3.637909052273693,2.18,3,0,1.5,1.7,10.0,86.2
6.98,2.3,2353.0,2.14,37.850467289719624,3.637909052273693,2.18,3,0,1.5,1.7,20.0,81.6
6.98,2.3,2353.0,2.14,37.850467289719624,3.637909052273693,2.18,3,0,1.5,1.7,40.0,76.1
6.98,2.3,2353.0,2.14,37.850467289719624,3.637909052273693,2.18,3,0,1.5,1.7,50.0,73.9
15.55,2.61,3139.2,1.74,55.74712643678161,2.217125382262997,1.02,2,1,1.0,1.6,0.1,189.4
15.55,2.61,3139.2,1.74,55.74712643678161,2.217125382262997,1.02,2,1,1.0,1.6,0.2,155.0
15.55,2.61,3139.2,1.74,55.74712643678161,2.217125382262997,1.02,2,1,1.0,1.6,0.5,136.6
15.55,2.61,3139.2,1.74,55.74712643678161,2.217125382262997,1.02,2,1,1.0,1.6,1.0,126.1
15.55,2.61,3139.2,1.74,55.74712643678161,2.217125382262997,1.02,2,1,1.0,1.6,2.0,117.1
15.55,2.61,3139.2,1.74,55.74712643678161,2.217125382262997,1.02,2,1,1.0,1.6,3.0,112.5
15.55,2.61,3139.2,1.74,55.74712643678161,2.217125382262997,1.02,2,1,1.0,1.6,4.0,109.3
15.55,2.61,3139.2,1.74,55.74712643678161,2.217125382262997,1.02,2,1,1.0,1.6,5.0,106.7
15.55,2.61,3139.2,1.74,55.74712643678161,2.217125382262997,1.02,2,1,1.0,1.6,7.0,103.6
15.55,2.61,3139.2,1.74,55.74712643678161,2.217125382262997,1.02,2,1,1.0,1.6,10.0,100.0
15.55,2.61,3139.2,1.74,55.74712643678161,2.217125382262997,1.02,2,1,1.0,1.6,14.0,97.2
15.55,2.61,3139.2,1.74,55.74712643678161,2.217125382262997,1.02,2,1,1.0,1.6,20.0,94.2
15.55,2.61,3139.2,1.74,55.74712643678161,2.217125382262997,1.02,2,1,1.0,1.6,50.0,84.2
15.55,2.61,3139.2,1.74,55.74712643678161,2.217125382262997,1.02,2,1,1.0,1.6,70.0,66.9
15.55,2.61,3139.2,1.74,55.74712643678161,2.217125382262997,1.02,2,1,1.0,1.6,100.0,59.4
12.89,3.05,3224.9,1.93,48.186528497409334,2.3938726782225803,0.94,2,1,1.0,1.6,0.1,225.3
12.89,3.05,3224.9,1.93,48.186528497409334,2.3938726782225803,0.94,2,1,1.0,1.6,0.2,196.8
12.89,3.05,3224.9,1.93,48.186528497409334,2.3938726782225803,0.94,2,1,1.0,1.6,0.5,174.3
12.89,3.05,3224.9,1.93,48.186528497409334,2.3938726782225803,0.94,2,1,1.0,1.6,1.0,161.1
12.89,3.05,3224.9,1.93,48.186528497409334,2.3938726782225803,0.94,2,1,1.0,1.6,2.0,150.8
12.89,3.05,3224.9,1.93,48.186528497409334,2.3938726782225803,0.94,2,1,1.0,1.6,3.0,144.4
12.89,3.05,3224.9,1.93,48.186528497409334,2.3938726782225803,0.94,2,1,1.0,1.6,4.0,141.2
12.89,3.05,3224.9,1.93,48.186528497409334,2.3938726782225803,0.94,2,1,1.0,1.6,5.0,138.6
12.89,3.05,3224.9,1.93,48.186528497409334,2.3938726782225803,0.94,2,1,1.0,1.6,7.0,134.0
12.89,3.05,3224.9,1.93,48.186528497409334,2.3938726782225803,0.94,2,1,1.0,1.6,10.0,129.3
12.89,3.05,3224.9,1.93,48.186528497409334,2.3938726782225803,0.94,2,1,1.0,1.6,14.0,124.5
12.89,3.05,3224.9,1.93,48.186528497409334,2.3938726782225803,0.94,2,1,1.0,1.6,20.0,118.7
12.89,3.05,3224.9,1.93,48.186528497409334,2.3938726782225803,0.94,2,1,1.0,1.6,50.0,103.0
12.89,3.05,3224.9,1.93,48.186528497409334,2.3938726782225803,0.94,2,1,1.0,1.6,70.0,88.8
12.89,3.05,3224.9,1.93,48.186528497409334,2.3938726782225803,0.94,2,1,1.0,1.6,100.0,73.8
10.45,2.44,2993.2,1.71,53.216374269005854,2.2851797407456904,0.91,2,1,1.0,1.6,0.1,193.0
10.45,2.44,2993.2,1.71,53.216374269005854,2.2851797407456904,0.91,2,1,1.0,1.6,0.2,160.1
10.45,2.44,2993.2,1.71,53.216374269005854,2.2851797407456904,0.91,2,1,1.0,1.6,0.5,141.2
10.45,2.44,2993.2,1.71,53.216374269005854,2.2851797407456904,0.91,2,1,1.0,1.6,1.0,129.3
10.45,2.44,2993.2,1.71,53.216374269005854,2.2851797407456904,0.91,2,1,1.0,1.6,2.0,120.9
10.45,2.44,2993.2,1.71,53.216374269005854,2.2851797407456904,0.91,2,1,1.0,1.6,3.0,116.7
10.45,2.44,2993.2,1.71,53.216374269005854,2.2851797407456904,0.91,2,1,1.0,1.6,4.0,112.9
10.45,2.44,2993.2,1.71,53.216374269005854,2.2851797407456904,0.91,2,1,1.0,1.6,5.0,110.9
10.45,2.44,2993.2,1.71,53.216374269005854,2.2851797407456904,0.91,2,1,1.0,1.6,7.0,108.3
10.45,2.44,2993.2,1.71,53.216374269005854,2.2851797407456904,0.91,2,1,1.0,1.6,10.0,104.5
10.45,2.44,2993.2,1.71,53.216374269005854,2.2851797407456904,0.91,2,1,1.0,1.6,14.0,102.0
10.45,2.44,2993.2,1.71,53.216374269005854,2.2851797407456904,0.91,2,1,1.0,1.6,20.0,99.4
10.45,2.44,2993.2,1.71,53.216374269005854,2.2851797407456904,0.91,2,1,1.0,1.6,50.0,91.0
10.45,2.44,2993.2,1.71,53.216374269005854,2.2851797407456904,0.91,2,1,1.0,1.6,70.0,79.4
10.45,2.44,2993.2,1.71,53.216374269005854,2.2851797407456904,0.91,2,1,1.0,1.6,100.0,70.2
6.2,1.6,2691.29,1.77,32.7683615819209,2.6307086936004667,1.088,2,1,1.1,1.79,0.1,189.3
6.2,1.6,2691.29,1.77,32.7683615819209,2.6307086936004667,1.088,2,1,1.1,1.79,0.2,160.1
6.2,1.6,2691.29,1.77,32.7683615819209,2.6307086936004667,1.088,2,1,1.1,1.79,0.5,133.8
6.2,1.6,2691.29,1.77,32.7683615819209,2.6307086936004667,1.088,2,1,1.1,1.79,1.0,123.8
6.2,1.6,2691.29,1.77,32.7683615819209,2.6307086936004667,1.088,2,1,1.1,1.79,2.0,116.1
6.2,1.6,2691.29,1.77,32.7683615819209,2.6307086936004667,1.088,2,1,1.1,1.79,5.0,106.5
6.2,1.6,2691.29,1.77,32.7683615819209,2.6307086936004667,1.088,2,1,1.1,1.79,10.0,101.1
6.2,1.6,2691.29,1.77,32.7683615819209,2.6307086936004667,1.088,2,1,1.1,1.79,20.0,96.7
8.2,0.0,1500.0,0.78,69.23076923076923,2.1,1.01,1,1,2.0,1.6,0.5,89.3333333333333
8.2,0.0,1500.0,0.78,69.23076923076923,2.1,1.01,1,1,2.0,1.6,1.0,80.4444444444444
8.2,0.0,1500.0,0.78,69.23076923076923,2.1,1.01,1,1,2.0,1.6,2.0,76.4444444444444
8.2,0.0,1500.0,0.78,69.23076923076923,2.1,1.01,1,1,2.0,1.6,5.0,71.1111111111111
8.2,0.0,1500.0,0.78,69.23076923076923,2.1,1.01,1,1,2.0,1.6,10.0,65.7777777777778
8.2,0.0,1500.0,0.78,69.23076923076923,2.1,1.01,1,1,2.0,1.6,20.0,58.2222222222222
8.2,0.0,1500.0,0.78,69.23076923076923,2.1,1.01,1,1,2.0,1.6,50.0,44.8888888888889
8.2,0.0,1500.0,0.78,69.23076923076923,2.1,1.01,1,1,2.0,1.6,100.0,18.2222222222222
6.3,0.0,1886.0,0.93,70.96774193548387,1.98,1.04,1,1,2.0,1.6,0.5,81.7777777777778
6.3,0.0,1886.0,0.93,70.96774193548387,1.98,1.04,1,1,2.0,1.6,1.0,76.0
6.3,0.0,1886.0,0.93,70.96774193548387,1.98,1.04,1,1,2.0,1.6,2.0,67.1111111111111
6.3,0.0,1886.0,0.93,70.96774193548387,1.98,1.04,1,1,2.0,1.6,5.0,62.2222222222222
6.3,0.0,1886.0,0.93,70.96774193548387,1.98,1.04,1,1,2.0,1.6,10.0,56.4444444444444
6.3,0.0,1886.0,0.93,70.96774193548387,1.98,1.04,1,1,2.0,1.6,20.0,50.6666666666667
6.3,0.0,1886.0,0.93,70.96774193548387,1.98,1.04,1,1,2.0,1.6,50.0,40.8888888888889
6.3,0.0,1886.0,0.93,70.96774193548387,1.98,1.04,1,1,2.0,1.6,100.0,28.4444444444444
6.8,0.0,1410.0,0.77,63.63636363636363,2.19,1.09,1,1,2.0,1.6,0.5,136.888888888889
6.8,0.0,1410.0,0.77,63.63636363636363,2.19,1.09,1,1,2.0,1.6,1.0,113.333333333333
6.8,0.0,1410.0,0.77,63.63636363636363,2.19,1.09,1,1,2.0,1.6,2.0,102.222222222222
6.8,0.0,1410.0,0.77,63.63636363636363,2.19,1.09,1,1,2.0,1.6,5.0,92.4444444444444
6.8,0.0,1410.0,0.77,63.63636363636363,2.19,1.09,1,1,2.0,1.6,10.0,85.7777777777778
6.8,0.0,1410.0,0.77,63.63636363636363,2.19,1.09,1,1,2.0,1.6,20.0,79.1111111111111
6.8,0.0,1410.0,0.77,63.63636363636363,2.19,1.09,1,1,2.0,1.6,50.0,72.0
6.8,0.0,1410.0,0.77,63.63636363636363,2.19,1.09,1,1,2.0,1.6,100.0,61.7777777777778
4.3,0.0,1655.0,0.81,71.60493827160492,1.95,1.05,1,1,2.0,1.6,0.5,73.3333333333333
4.3,0.0,1655.0,0.81,71.60493827160492,1.95,1.05,1,1,2.0,1.6,1.0,64.4444444444444
4.3,0.0,1655.0,0.81,71.60493827160492,1.95,1.05,1,1,2.0,1.6,2.0,59.1111111111111
4.3,0.0,1655.0,0.81,71.60493827160492,1.95,1.05,1,1,2.0,1.6,5.0,54.6666666666667
4.3,0.0,1655.0,0.81,71.60493827160492,1.95,1.05,1,1,2.0,1.6,10.0,51.5555555555556
4.3,0.0,1655.0,0.81,71.60493827160492,1.95,1.05,1,1,2.0,1.6,20.0,45.3333333333333
4.3,0.0,1655.0,0.81,71.60493827160492,1.95,1.05,1,1,2.0,1.6,50.0,41.7777777777778
4.3,0.0,1655.0,0.81,71.60493827160492,1.95,1.05,1,1,2.0,1.6,100.0,31.5555555555556
6.15,13.57,1274.8,0.551,71.50635208711434,1.728898650768748,1.97,2,1,1.0,1.6,0.5,127.5
6.15,13.57,1274.8,0.551,71.50635208711434,1.728898650768748,1.97,2,1,1.0,1.6,1.0,117.1
6.15,13.57,1274.8,0.551,71.50635208711434,1.728898650768748,1.97,2,1,1.0,1.6,2.0,106.8
6.15,13.57,1274.8,0.551,71.50635208711434,1.728898650768748,1.97,2,1,1.0,1.6,5.0,87.8
6.15,13.57,1274.8,0.551,71.50635208711434,1.728898650768748,1.97,2,1,1.0,1.6,10.0,67.9
6.15,13.57,1274.8,0.551,71.50635208711434,1.728898650768748,1.97,2,1,1.0,1.6,20.0,42.4
6.15,13.57,1274.8,0.551,71.50635208711434,1.728898650768748,1.97,2,1,1.0,1.6,30.0,23.9
6.15,13.57,1274.8,0.551,71.50635208711434,1.728898650768748,1.97,2,1,1.0,1.6,60.0,17.4
6.82,2.11,3407.6,1.953,29.390681003584223,2.2925225965488907,2.41,2,1,1.0,1.6,0.5,194.4
6.82,2.11,3407.6,1.953,29.390681003584223,2.2925225965488907,2.41,2,1,1.0,1.6,1.0,178.5
6.82,2.11,3407.6,1.953,29.390681003584223,2.2925225965488907,2.41,2,1,1.0,1.6,2.0,165.5
6.82,2.11,3407.6,1.953,29.390681003584223,2.2925225965488907,2.41,2,1,1.0,1.6,5.0,147.4
6.82,2.11,3407.6,1.953,29.390681003584223,2.2925225965488907,2.41,2,1,1.0,1.6,10.0,131.8
6.82,2.11,3407.6,1.953,29.390681003584223,2.2925225965488907,2.41,2,1,1.0,1.6,20.0,113.7
6.82,2.11,3407.6,1.953,29.390681003584223,2.2925225965488907,2.41,2,1,1.0,1.6,30.0,102.5
6.82,2.11,3407.6,1.953,29.390681003584223,2.2925225965488907,2.41,2,1,1.0,1.6,60.0,77.9
7.48,2.67,3553.1,2.071,26.653790439401252,2.331485181953787,2.79,2,1,1.0,1.6,0.5,199.1
7.48,2.67,3553.1,2.071,26.653790439401252,2.331485181953787,2.79,2,1,1.0,1.6,1.0,183.0
7.48,2.67,3553.1,2.071,26.653790439401252,2.331485181953787,2.79,2,1,1.0,1.6,2.0,172.4
7.48,2.67,3553.1,2.071,26.653790439401252,2.331485181953787,2.79,2,1,1.0,1.6,5.0,159.6
7.48,2.67,3553.1,2.071,26.653790439401252,2.331485181953787,2.79,2,1,1.0,1.6,10.0,150.3
7.48,2.67,3553.1,2.071,26.653790439401252,2.331485181953787,2.79,2,1,1.0,1.6,20.0,139.9
7.48,2.67,3553.1,2.071,26.653790439401252,2.331485181953787,2.79,2,1,1.0,1.6,30.0,130.1
7.48,2.67,3553.1,2.071,26.653790439401252,2.331485181953787,2.79,2,1,1.0,1.6,60.0,118.8
7.48,2.67,3553.1,2.071,26.653790439401252,2.331485181953787,2.79,2,1,3.0,1.6,0.5,134.3
7.48,2.67,3553.1,2.071,26.653790439401252,2.331485181953787,2.79,2,1,5.0,1.6,0.5,112.6
7.48,2.67,3553.1,2.071,26.653790439401252,2.331485181953787,2.79,2,1,10.0,1.6,0.5,103.4
7.48,2.67,3553.1,2.071,26.653790439401252,2.331485181953787,2.79,2,1,20.0,1.6,0.5,94.0
7.48,2.67,3553.1,2.071,26.653790439401252,2.331485181953787,2.79,2,1,30.0,1.6,0.5,85.3
7.48,2.67,3553.1,2.071,26.653790439401252,2.331485181953787,2.79,2,1,45.0,1.6,0.5,73.5
6.93,1.98,3415.3,2.482,15.995165189363417,2.906918865107018,2.82,2,1,1.0,1.6,0.5,169.3
6.93,1.98,3415.3,2.482,15.995165189363417,2.906918865107018,2.82,2,1,1.0,1.6,1.0,155.4
6.93,1.98,3415.3,2.482,15.995165189363417,2.906918865107018,2.82,2,1,1.0,1.6,2.0,144.7
6.93,1.98,3415.3,2.482,15.995165189363417,2.906918865107018,2.82,2,1,1.0,1.6,5.0,134.0
6.93,1.98,3415.3,2.482,15.995165189363417,2.906918865107018,2.82,2,1,1.0,1.6,10.0,125.7
6.93,1.98,3415.3,2.482,15.995165189363417,2.906918865107018,2.82,2,1,1.0,1.6,20.0,118.9
6.93,1.98,3415.3,2.482,15.995165189363417,2.906918865107018,2.82,2,1,1.0,1.6,30.0,114.5
6.93,1.98,3415.3,2.482,15.995165189363417,2.906918865107018,2.82,2,1,1.0,1.6,60.0,105.9
10.58,1.47,2290.0,0.93,88.17204301075267,1.6244541484716157,0.9567,2,1,1.5,1.6,0.1,74.0
10.58,1.47,2290.0,0.93,88.17204301075267,1.6244541484716157,0.9567,2,1,1.5,1.6,0.5,60.4
10.58,1.47,2290.0,0.93,88.17204301075267,1.6244541484716157,0.9567,2,1,1.5,1.6,1.0,53.6
10.58,1.47,2290.0,0.93,88.17204301075267,1.6244541484716157,0.9567,2,1,1.5,1.6,2.0,43.4
10.58,1.47,2290.0,0.93,88.17204301075267,1.6244541484716157,0.9567,2,1,1.5,1.6,5.0,37.7
10.58,1.47,2290.0,0.93,88.17204301075267,1.6244541484716157,0.9567,2,1,1.5,1.6,10.0,28.2
10.58,1.47,2290.0,0.93,88.17204301075267,1.6244541484716157,0.9567,2,1,1.5,1.6,20.0,14.7
14.26,1.82,3166.0,1.7,51.76470588235295,2.147820593809223,1.044,2,1,1.5,1.6,0.1,117.1
14.26,1.82,3166.0,1.7,51.76470588235295,2.147820593809223,1.044,2,1,1.5,1.6,0.5,93.5
14.26,1.82,3166.0,1.7,51.76470588235295,2.147820593809223,1.044,2,1,1.5,1.6,1.0,81.4
14.26,1.82,3166.0,1.7,51.76470588235295,2.147820593809223,1.044,2,1,1.5,1.6,2.0,67.0
14.26,1.82,3166.0,1.7,51.76470588235295,2.147820593809223,1.044,2,1,1.5,1.6,5.0,58.7
14.26,1.82,3166.0,1.7,51.76470588235295,2.147820593809223,1.044,2,1,1.5,1.6,10.0,49.5
14.26,1.82,3166.0,1.7,51.76470588235295,2.147820593809223,1.044,2,1,1.5,1.6,20.0,45.8
14.02,1.93,3292.0,1.54,69.48051948051949,1.871202916160389,1.048,2,1,1.5,1.6,0.1,142.2
14.02,1.93,3292.0,1.54,69.48051948051949,1.871202916160389,1.048,2,1,1.5,1.6,0.5,113.3
14.02,1.93,3292.0,1.54,69.48051948051949,1.871202916160389,1.048,2,1,1.5,1.6,1.0,99.4
14.02,1.93,3292.0,1.54,69.48051948051949,1.871202916160389,1.048,2,1,1.5,1.6,2.0,85.8
14.02,1.93,3292.0,1.54,69.48051948051949,1.871202916160389,1.048,2,1,1.5,1.6,5.0,79.7
14.02,1.93,3292.0,1.54,69.48051948051949,1.871202916160389,1.048,2,1,1.5,1.6,10.0,72.2
14.02,1.93,3292.0,1.54,69.48051948051949,1.871202916160389,1.048,2,1,1.5,1.6,20.0,66.1
18.75,2.74,3518.0,1.57,77.70700636942675,1.7851051733939738,1.102,2,1,1.5,1.6,0.1,166.8
18.75,2.74,3518.0,1.57,77.70700636942675,1.7851051733939738,1.102,2,1,1.5,1.6,0.5,141.4
18.75,2.74,3518.0,1.57,77.70700636942675,1.7851051733939738,1.102,2,1,1.5,1.6,1.0,132.0
18.75,2.74,3518.0,1.57,77.70700636942675,1.7851051733939738,1.102,2,1,1.5,1.6,2.0,116.5
18.75,2.74,3518.0,1.57,77.70700636942675,1.7851051733939738,1.102,2,1,1.5,1.6,5.0,108.8
18.75,2.74,3518.0,1.57,77.70700636942675,1.7851051733939738,1.102,2,1,1.5,1.6,10.0,98.9
18.75,2.74,3518.0,1.57,77.70700636942675,1.7851051733939738,1.102,2,1,1.5,1.6,20.0,86.9
2.05,4.25,1141.9,0.575,77.55495227252824,2.0141868815132673,1.08,1,0,1.5,1.6,0.2,158.04444444444445
2.05,4.25,1141.9,0.575,77.55495227252824,2.0141868815132673,1.08,1,0,1.5,1.6,0.3,148.13333333333335
2.05,4.25,1141.9,0.575,77.55495227252824,2.0141868815132673,1.08,1,0,1.5,1.6,0.5,139.60000000000002
2.05,4.25,1141.9,0.575,77.55495227252824,2.0141868815132673,1.08,1,0,1.5,1.6,1.0,132.6222222222222
2.05,4.25,1141.9,0.575,77.55495227252824,2.0141868815132673,1.08,1,0,1.5,1.6,2.0,128.84444444444443
2.05,4.25,1141.9,0.575,77.55495227252824,2.0141868815132673,1.08,1,0,1.5,1.6,3.0,121.91111111111113
2.05,4.25,1141.9,0.575,77.55495227252824,2.0141868815132673,1.08,1,0,1.5,1.6,5.0,113.86666666666667
2.05,4.25,1141.9,0.575,77.55495227252824,2.0141868815132673,1.08,1,0,1.5,1.6,8.0,106.53333333333333
2.05,4.25,1141.9,0.575,77.55495227252824,2.0141868815132673,1.08,1,0,1.5,1.6,10.0,102.62222222222223
2.05,4.25,1141.9,0.575,77.55495227252824,2.0141868815132673,1.08,1,0,1.5,1.6,20.0,89.15555555555557
2.05,4.25,1141.9,0.575,77.55495227252824,2.0141868815132673,1.08,1,0,1.5,1.6,30.0,80.31111111111112
3.55,7.37,933.1,0.38,81.32033008252063,1.6289786732397384,1.09,1,0,1.5,1.6,0.2,134.13333333333335
3.55,7.37,933.1,0.38,81.32033008252063,1.6289786732397384,1.09,1,0,1.5,1.6,0.3,128.71111111111114
3.55,7.37,933.1,0.38,81.32033008252063,1.6289786732397384,1.09,1,0,1.5,1.6,0.5,123.77777777777779
3.55,7.37,933.1,0.38,81.32033008252063,1.6289786732397384,1.09,1,0,1.5,1.6,1.0,116.93333333333334
3.55,7.37,933.1,0.38,81.32033008252063,1.6289786732397384,1.09,1,0,1.5,1.6,2.0,112.17777777777778
3.55,7.37,933.1,0.38,81.32033008252063,1.6289786732397384,1.09,1,0,1.5,1.6,3.0,106.53333333333333
3.55,7.37,933.1,0.38,81.32033008252063,1.6289786732397384,1.09,1,0,1.5,1.6,5.0,97.82222222222222
3.55,7.37,933.1,0.38,81.32033008252063,1.6289786732397384,1.09,1,0,1.5,1.6,8.0,90.66666666666667
3.55,7.37,933.1,0.38,81.32033008252063,1.6289786732397384,1.09,1,0,1.5,1.6,10.0,86.26666666666667
3.55,7.37,933.1,0.38,81.32033008252063,1.6289786732397384,1.09,1,0,1.5,1.6,20.0,77.02222222222223
3.55,7.37,933.1,0.38,81.32033008252063,1.6289786732397384,1.09,1,0,1.5,1.6,30.0,67.19999999999999
7.6,3.95,1162.9,0.448,80.99578639607876,1.5409751483360563,1.11,1,0,1.5,1.6,0.2,118.97777777777777
7.6,3.95,1162.9,0.448,80.99578639607876,1.5409751483360563,1.11,1,0,1.5,1.6,0.3,115.24444444444445
7.6,3.95,1162.9,0.448,80.99578639607876,1.5409751483360563,1.11,1,0,1.5,1.6,0.5,110.13333333333334
7.6,3.95,1162.9,0.448,80.99578639607876,1.5409751483360563,1.11,1,0,1.5,1.6,1.0,103.64444444444445
7.6,3.95,1162.9,0.448,80.99578639607876,1.5409751483360563,1.11,1,0,1.5,1.6,2.0,97.6888888888889
7.6,3.95,1162.9,0.448,80.99578639607876,1.5409751483360563,1.11,1,0,1.5,1.6,3.0,93.95555555555556
7.6,3.95,1162.9,0.448,80.99578639607876,1.5409751483360563,1.11,1,0,1.5,1.6,5.0,88.26666666666667
7.6,3.95,1162.9,0.448,80.99578639607876,1.5409751483360563,1.11,1,0,1.5,1.6,8.0,80.80000000000001
7.6,3.95,1162.9,0.448,80.99578639607876,1.5409751483360563,1.11,1,0,1.5,1.6,10.0,76.4
7.6,3.95,1162.9,0.448,80.99578639607876,1.5409751483360563,1.11,1,0,1.5,1.6,20.0,68.71111111111111
7.6,3.95,1162.9,0.448,80.99578639607876,1.5409751483360563,1.11,1,0,1.5,1.6,30.0,60.0
8.8,0.93,1207.26,0.55,70.9090909090909,1.8,1.05,1,1,3.0,1.6,0.2,77.845
8.8,0.93,1207.26,0.55,70.9090909090909,1.8,1.05,1,1,3.0,1.6,0.5,73.751
8.8,0.93,1207.26,0.55,70.9090909090909,1.8,1.05,1,1,3.0,1.6,0.8,69.751
8.8,0.93,1207.26,0.55,70.9090909090909,1.8,1.05,1,1,3.0,1.6,1.0,67.186
8.8,0.93,1207.26,0.55,70.9090909090909,1.8,1.05,1,1,3.0,1.6,2.0,59.587
8.8,0.93,1207.26,0.55,70.9090909090909,1.8,1.05,1,1,3.0,1.6,5.0,49.14
8.8,0.93,1207.26,0.55,70.9090909090909,1.8,1.05,1,1,3.0,1.6,8.0,43.634
8.8,0.93,1207.26,0.55,70.9090909090909,1.8,1.05,1,1,3.0,1.6,10.0,39.446
4.8,1.3,2186.0,1.0,67.0,1.83,1.02,1,1,3.0,1.6,0.5,108.5
4.8,1.3,2186.0,1.0,67.0,1.83,1.02,1,1,3.0,1.6,1.0,96.3
4.8,1.3,2186.0,1.0,67.0,1.83,1.02,1,1,3.0,1.6,2.0,85.3
4.8,1.3,2186.0,1.0,67.0,1.83,1.02,1,1,3.0,1.6,5.0,83.4
4.8,1.3,2186.0,1.0,67.0,1.83,1.02,1,1,3.0,1.6,10.0,72.9
4.8,1.3,2186.0,1.0,67.0,1.83,1.02,1,1,3.0,1.6,20.0,66.5
6.1,2.34,2702.3,1.81,19.337016574585633,2.6791992006809013,1.46,1,1,1.0,1.6,0.2,209.1
6.1,2.34,2702.3,1.81,19.337016574585633,2.6791992006809013,1.46,1,1,1.0,1.6,0.5,184.1
6.1,2.34,2702.3,1.81,19.337016574585633,2.6791992006809013,1.46,1,1,1.0,1.6,1.0,168.0
6.1,2.34,2702.3,1.81,19.337016574585633,2.6791992006809013,1.46,1,1,1.0,1.6,2.0,155.1
6.1,2.34,2702.3,1.81,19.337016574585633,2.6791992006809013,1.46,1,1,1.0,1.6,5.0,140.8
6.1,2.34,2702.3,1.81,19.337016574585633,2.6791992006809013,1.46,1,1,1.0,1.6,10.0,117.2
6.1,2.34,2702.3,1.81,19.337016574585633,2.6791992006809013,1.46,1,1,1.0,1.6,20.0,105.7
11.38,8.71,499.8,0.5043,20.488195278111245,4.04,1.07,2,1,3.0,1.6,0.1,115.44
11.38,8.71,499.8,0.5043,20.488195278111245,4.04,1.07,2,1,3.0,1.6,0.2,104.4
11.38,8.71,499.8,0.5043,20.488195278111245,4.04,1.07,2,1,3.0,1.6,0.5,96.6
11.38,8.71,499.8,0.5043,20.488195278111245,4.04,1.07,2,1,3.0,1.6,0.8,93.1
11.38,8.71,499.8,0.5043,20.488195278111245,4.04,1.07,2,1,3.0,1.6,1.0,90.1
11.38,8.71,499.8,0.5043,20.488195278111245,4.04,1.07,2,1,3.0,1.6,2.0,84.7
11.38,8.71,499.8,0.5043,20.488195278111245,4.04,1.07,2,1,3.0,1.6,5.0,75.5
11.38,8.71,499.8,0.5043,20.488195278111245,4.04,1.07,2,1,3.0,1.6,8.0,69.4
11.38,8.71,499.8,0.5043,20.488195278111245,4.04,1.07,2,1,3.0,1.6,10.0,66.4
