O,N,SSA,PV,RMIC,Dap,ID/IG,M,Anion,AML,PW,CD,Cs
7.15,3.52,1546.1,0.5753,93.98574657,1.488390143,1.029,2,1,1,1.6,0.1,85
21.55,3.29,1140.8,0.86,20.93023256,3.01542777,0.82,1,0,2.5,1.8,0.1,90.2
21.55,3.29,1140.8,0.86,20.93023256,3.01542777,0.82,1,0,2.5,1.8,0.25,86.3
21.55,3.29,1140.8,0.86,20.93023256,3.01542777,0.82,1,0,2.5,1.8,0.5,79.9
21.55,3.29,1140.8,0.86,20.93023256,3.01542777,0.82,1,0,2.5,1.8,1,70.3
21.55,3.29,1140.8,0.86,20.93023256,3.01542777,0.82,1,0,2.5,1.8,2,64.8
21.55,3.29,1140.8,0.86,20.93023256,3.01542777,0.82,1,0,2.5,1.8,5,51.5
21.55,3.29,1140.8,0.86,20.93023256,3.01542777,0.82,1,0,2.5,1.8,10,38.5
21.55,3.29,1140.8,0.86,20.93023256,3.01542777,0.82,1,0,2.5,1.8,20,23.3
8.2,5.3,879,0.447,60.62639821,2.034129693,2.27,2,1,1,1.6,0.1,136.8
8.2,5.3,879,0.447,60.62639821,2.034129693,2.27,2,1,1,1.6,0.5,110.9
8.2,5.3,879,0.447,60.62639821,2.034129693,2.27,2,1,1,1.6,1,102.6
8.2,5.3,879,0.447,60.62639821,2.034129693,2.27,2,1,1,1.6,5,76.1
8.2,5.3,879,0.447,60.62639821,2.034129693,2.27,2,1,1,1.6,10,66.5
5.68,1.49,1640.1,1.41,32.62411348,7.91,0.95,2,1,2,1.6,0.05,109.66
5.68,1.49,1640.1,1.41,32.62411348,7.91,0.95,2,1,2,1.6,0.1,93.3
5.68,1.49,1640.1,1.41,32.62411348,7.91,0.95,2,1,2,1.6,0.2,84.6
5.68,1.49,1640.1,1.41,32.62411348,7.91,0.95,2,1,2,1.6,0.3,81
5.68,1.49,1640.1,1.41,32.62411348,7.91,0.95,2,1,2,1.6,0.5,76.3
5.68,1.49,1640.1,1.41,32.62411348,7.91,0.95,2,1,2,1.6,1,71.6
5.68,1.49,1640.1,1.41,32.62411348,7.91,0.95,2,1,2,1.6,2,67.6
5.68,1.49,1640.1,1.41,32.62411348,7.91,0.95,2,1,2,1.6,3,65.1
5.68,1.49,1640.1,1.41,32.62411348,7.91,0.95,2,1,2,1.6,5,62.4
5.68,1.49,1640.1,1.41,32.62411348,7.91,0.95,2,1,2,1.6,10,59.5
5.68,1.49,1640.1,1.41,32.62411348,7.91,0.95,2,1,2,1.6,15,58.4
5.68,1.49,1640.1,1.41,32.62411348,7.91,0.95,2,1,2,1.6,20,57.1
11.5,6.7,642,1.03,14.5631068,3.73,0.964,1,1,2,1.6,0.1,133.7
11.5,6.7,642,1.03,14.5631068,3.73,0.964,1,1,2,1.6,0.2,102.5
11.5,6.7,642,1.03,14.5631068,3.73,0.964,1,1,2,1.6,0.5,84.3
11.5,6.7,642,1.03,14.5631068,3.73,0.964,1,1,2,1.6,1,75
11.5,6.7,642,1.03,14.5631068,3.73,0.964,1,1,2,1.6,2,69.1
11.5,6.7,642,1.03,14.5631068,3.73,0.964,1,1,2,1.6,5,61.7
11.5,6.7,642,1.03,14.5631068,3.73,0.964,1,1,2,1.6,10,56.6
11.5,6.7,642,1.03,14.5631068,3.73,0.964,1,1,2,1.6,20,51.9
11.5,6.7,642,1.03,14.5631068,3.73,0.964,1,1,2,1.6,50,45.6
11.5,6.7,642,1.03,14.5631068,3.73,0.964,1,1,2,1.6,100,39.7
11.5,6.7,642,1.03,14.5631068,3.73,0.964,1,1,2,1.6,200,30.6
14.9,3.1,620,0.86,15.11627907,3.66,0.962,1,1,2,1.6,0.1,104.4
14.9,3.1,620,0.86,15.11627907,3.66,0.962,1,1,2,1.6,0.2,83
14.9,3.1,620,0.86,15.11627907,3.66,0.962,1,1,2,1.6,0.5,69.7
14.9,3.1,620,0.86,15.11627907,3.66,0.962,1,1,2,1.6,1,61.7
14.9,3.1,620,0.86,15.11627907,3.66,0.962,1,1,2,1.6,2,56
14.9,3.1,620,0.86,15.11627907,3.66,0.962,1,1,2,1.6,5,50.4
14.9,3.1,620,0.86,15.11627907,3.66,0.962,1,1,2,1.6,10,46.6
14.9,3.1,620,0.86,15.11627907,3.66,0.962,1,1,2,1.6,20,43.7
14.9,3.1,620,0.86,15.11627907,3.66,0.962,1,1,2,1.6,50,39.1
14.9,3.1,620,0.86,15.11627907,3.66,0.962,1,1,2,1.6,100,35.4
14.9,3.1,620,0.86,15.11627907,3.66,0.962,1,1,2,1.6,200,30.4
11.2,4.2,697,0.83,21.68674699,3.21,0.958,1,1,2,1.6,0.1,92.4
11.2,4.2,697,0.83,21.68674699,3.21,0.958,1,1,2,1.6,0.2,73.1
11.2,4.2,697,0.83,21.68674699,3.21,0.958,1,1,2,1.6,0.5,62.4
11.2,4.2,697,0.83,21.68674699,3.21,0.958,1,1,2,1.6,1,56
11.2,4.2,697,0.83,21.68674699,3.21,0.958,1,1,2,1.6,2,51.3
11.2,4.2,697,0.83,21.68674699,3.21,0.958,1,1,2,1.6,5,45.7
11.2,4.2,697,0.83,21.68674699,3.21,0.958,1,1,2,1.6,10,42.3
11.2,4.2,697,0.83,21.68674699,3.21,0.958,1,1,2,1.6,20,38.9
11.2,4.2,697,0.83,21.68674699,3.21,0.958,1,1,2,1.6,50,33.3
11.2,4.2,697,0.83,21.68674699,3.21,0.958,1,1,2,1.6,100,28.7
11.2,4.2,697,0.83,21.68674699,3.21,0.958,1,1,2,1.6,200,27.2
12.04,8.29,1530.9,0.96,38.54166667,2.508328434,0.86,1,0,2.4,1.6,0.1,204.7
12.04,8.29,1530.9,0.96,38.54166667,2.508328434,0.86,1,0,2.4,1.6,0.2,181.5
12.04,8.29,1530.9,0.96,38.54166667,2.508328434,0.86,1,0,2.4,1.6,0.5,165.9
12.04,8.29,1530.9,0.96,38.54166667,2.508328434,0.86,1,0,2.4,1.6,1,152.7
12.04,8.29,1530.9,0.96,38.54166667,2.508328434,0.86,1,0,2.4,1.6,2,141.1
12.04,8.29,1530.9,0.96,38.54166667,2.508328434,0.86,1,0,2.4,1.6,5,134.2
12.04,8.29,1530.9,0.96,38.54166667,2.508328434,0.86,1,0,2.4,1.6,10,128.6
20.61,3.95,544.83,0.26,95.446286,1.908852303,0.96,2,1,2,1.8,0.1,134.5
20.61,3.95,544.83,0.26,95.446286,1.908852303,0.96,2,1,2,1.8,0.2,110.2
20.61,3.95,544.83,0.26,95.446286,1.908852303,0.96,2,1,2,1.8,0.4,93
20.61,3.95,544.83,0.26,95.446286,1.908852303,0.96,2,1,2,1.8,0.5,86.7
20.61,3.95,544.83,0.26,95.446286,1.908852303,0.96,2,1,2,1.8,1,72.9
20.61,3.95,544.83,0.26,95.446286,1.908852303,0.96,2,1,2,1.8,2,57
20.61,3.95,544.83,0.26,95.446286,1.908852303,0.96,2,1,2,1.8,3,48
20.61,3.95,544.83,0.26,95.446286,1.908852303,0.96,2,1,2,1.8,4,41.5
18.15,3.51,648.22,0.32,94.93690414,1.97463824,1.01,2,1,2,1.8,0.1,156.54
18.15,3.51,648.22,0.32,94.93690414,1.97463824,1.01,2,1,2,1.8,0.2,132.3
18.15,3.51,648.22,0.32,94.93690414,1.97463824,1.01,2,1,2,1.8,0.3,111.55
18.15,3.51,648.22,0.32,94.93690414,1.97463824,1.01,2,1,2,1.8,0.4,105.4
18.15,3.51,648.22,0.32,94.93690414,1.97463824,1.01,2,1,2,1.8,0.5,98.5
18.15,3.51,648.22,0.32,94.93690414,1.97463824,1.01,2,1,2,1.8,1,86.8
18.15,3.51,648.22,0.32,94.93690414,1.97463824,1.01,2,1,2,1.8,2,70.5
18.15,3.51,648.22,0.32,94.93690414,1.97463824,1.01,2,1,2,1.8,3,59.2
18.15,3.51,648.22,0.32,94.93690414,1.97463824,1.01,2,1,2,1.8,4,51.8
15.17,1.8,225.22,0.1,92.01225468,1.81,1.08,2,1,2,1.8,0.1,84.5
15.17,1.8,225.22,0.1,92.01225468,1.81,1.08,2,1,2,1.8,0.2,63.4
15.17,1.8,225.22,0.1,92.01225468,1.81,1.08,2,1,2,1.8,0.4,50.7
15.17,1.8,225.22,0.1,92.01225468,1.81,1.08,2,1,2,1.8,0.5,45
15.17,1.8,225.22,0.1,92.01225468,1.81,1.08,2,1,2,1.8,1,34.5
15.17,1.8,225.22,0.1,92.01225468,1.81,1.08,2,1,2,1.8,2,24.5
15.17,1.8,225.22,0.1,92.01225468,1.81,1.08,2,1,2,1.8,3,19.7
15.17,1.8,225.22,0.1,92.01225468,1.81,1.08,2,1,2,1.8,4,17
11.92,0,2228,1.07,59.81308411,1.921005386,1.5,1,1,2,1.75,0.2,153
11.92,0,2228,1.07,59.81308411,1.921005386,1.5,1,1,2,1.75,0.5,125
11.92,0,2228,1.07,59.81308411,1.921005386,1.5,1,1,2,1.75,1,110
11.92,0,2228,1.07,59.81308411,1.921005386,1.5,1,1,2,1.75,2,98
11.92,0,2228,1.07,59.81308411,1.921005386,1.5,1,1,2,1.75,5,84
11.92,0,2228,1.07,59.81308411,1.921005386,1.5,1,1,2,1.75,10,75
5.5,2.53,947,0.54,50,2.27,0.855,1,1,1.5,1.6,0.5,117.9
5.5,2.53,947,0.54,50,2.27,0.855,1,1,1.5,1.6,20,71
9.64,3.44,1624,0.918,65.25054466,2.261083744,0.999,1,1,2,1.6,0.1,119.9
9.64,3.44,1624,0.918,65.25054466,2.261083744,0.999,1,1,2,1.6,0.2,108.3
9.64,3.44,1624,0.918,65.25054466,2.261083744,0.999,1,1,2,1.6,0.5,100.2
9.64,3.44,1624,0.918,65.25054466,2.261083744,0.999,1,1,2,1.6,1,94.6
9.64,3.44,1624,0.918,65.25054466,2.261083744,0.999,1,1,2,1.6,2,90.4
9.64,3.44,1624,0.918,65.25054466,2.261083744,0.999,1,1,2,1.6,5,84.8
9.64,3.44,1624,0.918,65.25054466,2.261083744,0.999,1,1,2,1.6,20,81.1
8.42,1.64,1949,1.133,45.80759047,2.325295023,0.917,1,1,2,1.6,0.1,159.9
8.42,1.64,1949,1.133,45.80759047,2.325295023,0.917,1,1,2,1.6,0.2,139.2
8.42,1.64,1949,1.133,45.80759047,2.325295023,0.917,1,1,10,1.6,0.5,124.8
8.42,1.64,1949,1.133,45.80759047,2.325295023,0.917,1,1,10,1.6,1,116
8.42,1.64,1949,1.133,45.80759047,2.325295023,0.917,1,1,10,1.6,2,109.9
8.42,1.64,1949,1.133,45.80759047,2.325295023,0.917,1,1,10,1.6,5,101.9
8.42,1.64,1949,1.133,45.80759047,2.325295023,0.917,1,1,10,1.6,20,94
5.52,0.89,2276,1.331,20.96168295,2.339191564,0.872,1,1,2,1.6,0.1,114.2
5.52,0.89,2276,1.331,20.96168295,2.339191564,0.872,1,1,2,1.6,0.2,104.8
5.52,0.89,2276,1.331,20.96168295,2.339191564,0.872,1,1,2,1.6,0.5,95.6
5.52,0.89,2276,1.331,20.96168295,2.339191564,0.872,1,1,2,1.6,1,90
5.52,0.89,2276,1.331,20.96168295,2.339191564,0.872,1,1,2,1.6,2,86.8
5.52,0.89,2276,1.331,20.96168295,2.339191564,0.872,1,1,2,1.6,5,82.4
5.52,0.89,2276,1.331,20.96168295,2.339191564,0.872,1,1,2,1.6,20,78.5
7.71,0,804,0.315,62.18905473,1.567164179,0.97,1,1,1.2,1.6,0.5,48.3
7.71,0,804,0.315,62.18905473,1.567164179,0.97,1,1,1.2,1.6,1,43.4
7.71,0,804,0.315,62.18905473,1.567164179,0.97,1,1,1.2,1.6,2,38.9
7.71,0,804,0.315,62.18905473,1.567164179,0.97,1,1,1.2,1.6,3,36.5
7.71,0,804,0.315,62.18905473,1.567164179,0.97,1,1,1.2,1.6,4,34.8
7.71,0,804,0.315,62.18905473,1.567164179,0.97,1,1,1.2,1.6,5,33.2
7.71,0,804,0.315,62.18905473,1.567164179,0.97,1,1,1.2,1.6,7,30.2
7.71,0,804,0.315,62.18905473,1.567164179,0.97,1,1,1.2,1.6,10,26.7
7.71,0,804,0.315,62.18905473,1.567164179,0.97,1,1,1.2,1.6,15,24.7
7.71,0,804,0.315,62.18905473,1.567164179,0.97,1,1,1.2,1.6,20,21.6
8.06,0,1770,0.721,57.62711864,1.629378531,1.1,1,1,1.2,1.6,0.5,177.7
8.06,0,1770,0.721,57.62711864,1.629378531,1.1,1,1,1.2,1.6,1,148.5
8.06,0,1770,0.721,57.62711864,1.629378531,1.1,1,1,1.2,1.6,2,135.5
8.06,0,1770,0.721,57.62711864,1.629378531,1.1,1,1,1.2,1.6,3,127.9
8.06,0,1770,0.721,57.62711864,1.629378531,1.1,1,1,1.2,1.6,4,122.1
8.06,0,1770,0.721,57.62711864,1.629378531,1.1,1,1,1.2,1.6,5,117
8.06,0,1770,0.721,57.62711864,1.629378531,1.1,1,1,1.2,1.6,7,107.5
8.06,0,1770,0.721,57.62711864,1.629378531,1.1,1,1,1.2,1.6,10,102.9
8.06,0,1770,0.721,57.62711864,1.629378531,1.1,1,1,1.2,1.6,15,91.3
8.06,0,1770,0.721,57.62711864,1.629378531,1.1,1,1,1.2,1.6,20,85.5
9.3,0,1781,0.784,53.34081976,1.760808535,1.18,1,1,1.2,1.6,0.5,108.2
9.3,0,1781,0.784,53.34081976,1.760808535,1.18,1,1,1.2,1.6,1,96.6
9.3,0,1781,0.784,53.34081976,1.760808535,1.18,1,1,1.2,1.6,2,86.9
9.3,0,1781,0.784,53.34081976,1.760808535,1.18,1,1,1.2,1.6,3,82
9.3,0,1781,0.784,53.34081976,1.760808535,1.18,1,1,1.2,1.6,4,78.7
9.3,0,1781,0.784,53.34081976,1.760808535,1.18,1,1,1.2,1.6,5,75.2
9.3,0,1781,0.784,53.34081976,1.760808535,1.18,1,1,1.2,1.6,7,72
9.3,0,1781,0.784,53.34081976,1.760808535,1.18,1,1,1.2,1.6,10,67.1
9.3,0,1781,0.784,53.34081976,1.760808535,1.18,1,1,1.2,1.6,15,60.5
9.3,0,1781,0.784,53.34081976,1.760808535,1.18,1,1,1.2,1.6,20,57
6.99,1.59,2465.9,1.29,0,2.092542277,0.912,2,1,2,1.8,0.05,108.5
6.99,1.59,2465.9,1.29,0,2.092542277,0.912,2,1,2,1.8,0.1,85.9
6.99,1.59,2465.9,1.29,0,2.092542277,0.912,2,1,2,1.8,0.2,73.1
6.99,1.59,2465.9,1.29,0,2.092542277,0.912,2,1,2,1.8,0.3,68.7
6.99,1.59,2465.9,1.29,0,2.092542277,0.912,2,1,2,1.8,0.5,65
6.99,1.59,2465.9,1.29,0,2.092542277,0.912,2,1,2,1.8,1,60.8
6.99,1.59,2465.9,1.29,0,2.092542277,0.912,2,1,2,1.8,2,55.3
6.99,1.59,2465.9,1.29,0,2.092542277,0.912,2,1,2,1.8,3,52.7
6.99,1.59,2465.9,1.29,0,2.092542277,0.912,2,1,2,1.8,5,49.2
6.99,1.59,2465.9,1.29,0,2.092542277,0.912,2,1,2,1.8,10,44.5
6.99,1.59,2465.9,1.29,0,2.092542277,0.912,2,1,2,1.8,15,41.6
6.99,1.59,2465.9,1.29,0,2.092542277,0.912,2,1,2,1.8,20,41
3.9,9.7,844,0.41,77.36966825,1.943127962,0.99,1,1,1,2,0.1,189.4
3.9,9.7,844,0.41,77.36966825,1.943127962,0.99,1,1,1,2,0.2,154.5
3.9,9.7,844,0.41,77.36966825,1.943127962,0.99,1,1,1,2,0.5,131.5
3.9,9.7,844,0.41,77.36966825,1.943127962,0.99,1,1,1,2,1,130.4
3.9,9.7,844,0.41,77.36966825,1.943127962,0.99,1,1,1,2,2,117.9
3.9,9.7,844,0.41,77.36966825,1.943127962,0.99,1,1,1,2,3,112.3
3.9,9.7,844,0.41,77.36966825,1.943127962,0.99,1,1,1,2,4,107.7
3.9,9.7,844,0.41,77.36966825,1.943127962,0.99,1,1,1,2,5,104.9
3.9,9.7,844,0.41,77.36966825,1.943127962,0.99,1,1,1,2,7,102.2
3.9,9.7,844,0.41,77.36966825,1.943127962,0.99,1,1,1,2,10,100.3
4.81,1.09,972.4,1.67,22.9020979,6.869600987,0.82,2,1,2.5,1.6,0.2,104.9
4.81,1.09,972.4,1.67,22.9020979,6.869600987,0.82,2,1,2.5,1.6,0.5,91
4.81,1.09,972.4,1.67,22.9020979,6.869600987,0.82,2,1,2.5,1.6,1,84.9
4.81,1.09,972.4,1.67,22.9020979,6.869600987,0.82,2,1,2.5,1.6,2,78.2
4.81,1.09,972.4,1.67,22.9020979,6.869600987,0.82,2,1,2.5,1.6,3,74.2
4.81,1.09,972.4,1.67,22.9020979,6.869600987,0.82,2,1,2.5,1.6,4,70.8
4.81,1.09,972.4,1.67,22.9020979,6.869600987,0.82,2,1,2.5,1.6,5,68.5
4.81,1.09,972.4,1.67,22.9020979,6.869600987,0.82,2,1,2.5,1.6,10,60.3
4.81,1.09,972.4,1.67,22.9020979,6.869600987,0.82,2,1,2.5,1.6,15,56.5
4.81,1.09,972.4,1.67,22.9020979,6.869600987,0.82,2,1,2.5,1.6,20,52.1
4.81,1.09,972.4,1.67,22.9020979,6.869600987,0.82,2,1,2.5,1.6,30,44.8
4.89,1.74,1666.8,2.42,10.68514519,5.807535397,0.88,2,1,2.5,1.6,0.2,132.9
4.89,1.74,1666.8,2.42,10.68514519,5.807535397,0.88,2,1,2.5,1.6,0.5,114.4
4.89,1.74,1666.8,2.42,10.68514519,5.807535397,0.88,2,1,2.5,1.6,1,108.9
4.89,1.74,1666.8,2.42,10.68514519,5.807535397,0.88,2,1,2.5,1.6,2,99.4
4.89,1.74,1666.8,2.42,10.68514519,5.807535397,0.88,2,1,2.5,1.6,3,95.6
4.89,1.74,1666.8,2.42,10.68514519,5.807535397,0.88,2,1,2.5,1.6,4,91.1
4.89,1.74,1666.8,2.42,10.68514519,5.807535397,0.88,2,1,2.5,1.6,5,89.9
4.89,1.74,1666.8,2.42,10.68514519,5.807535397,0.88,2,1,2.5,1.6,10,83.3
4.89,1.74,1666.8,2.42,10.68514519,5.807535397,0.88,2,1,2.5,1.6,15,80.8
4.89,1.74,1666.8,2.42,10.68514519,5.807535397,0.88,2,1,2.5,1.6,20,76.6
4.89,1.74,1666.8,2.42,10.68514519,5.807535397,0.88,2,1,2.5,1.6,30,73.3
4.89,1.74,1666.8,2.42,10.68514519,5.807535397,0.88,2,1,2.5,1.6,40,68.8
4.89,1.74,1666.8,2.42,10.68514519,5.807535397,0.88,2,1,2.5,1.6,50,65.2
6.42,2.75,1301.6,3.04,9.718807621,9.34234788,0.92,2,1,2.5,1.6,0.2,67.8
6.42,2.75,1301.6,3.04,9.718807621,9.34234788,0.92,2,1,2.5,1.6,0.5,59.8
6.42,2.75,1301.6,3.04,9.718807621,9.34234788,0.92,2,1,2.5,1.6,1,56.8
6.42,2.75,1301.6,3.04,9.718807621,9.34234788,0.92,2,1,2.5,1.6,2,53.2
6.42,2.75,1301.6,3.04,9.718807621,9.34234788,0.92,2,1,2.5,1.6,3,51.7
6.42,2.75,1301.6,3.04,9.718807621,9.34234788,0.92,2,1,2.5,1.6,4,49.9
6.42,2.75,1301.6,3.04,9.718807621,9.34234788,0.92,2,1,2.5,1.6,5,49.2
6.42,2.75,1301.6,3.04,9.718807621,9.34234788,0.92,2,1,2.5,1.6,10,45.5
6.42,2.75,1301.6,3.04,9.718807621,9.34234788,0.92,2,1,2.5,1.6,15,43.7
6.42,2.75,1301.6,3.04,9.718807621,9.34234788,0.92,2,1,2.5,1.6,20,41.1
6.42,2.75,1301.6,3.04,9.718807621,9.34234788,0.92,2,1,2.5,1.6,30,37.4
4.77,0,1644,0.96,57.08333333,2.335766423,1.06,1,1,1.77,1.6,0.1,52.9
4.77,0,1644,0.96,57.08333333,2.335766423,1.06,1,1,1.77,1.6,0.2,48.7
4.77,0,1644,0.96,57.08333333,2.335766423,1.06,1,1,1.77,1.6,0.5,43.8
4.77,0,1644,0.96,57.08333333,2.335766423,1.06,1,1,1.77,1.6,1,40
4.77,0,1644,0.96,57.08333333,2.335766423,1.06,1,1,1.77,1.6,2,36.5
4.77,0,1644,0.96,57.08333333,2.335766423,1.06,1,1,1.77,1.6,5,31.4
4.77,0,1644,0.96,57.08333333,2.335766423,1.06,1,1,1.77,1.6,10,26.9
4.77,0,1644,0.96,57.08333333,2.335766423,1.06,1,1,1.77,1.6,20,21.4
9.1,3.1,1055,0.95,36.84210526,3.601895735,1.06,2,1,1,1.7,0.1,230
9.1,3.1,1055,0.95,36.84210526,3.601895735,1.06,2,1,1,1.7,0.2,165
9.1,3.1,1055,0.95,36.84210526,3.601895735,1.06,2,1,1,1.7,0.5,150
9.1,3.1,1055,0.95,36.84210526,3.601895735,1.06,2,1,1,1.7,1,137
9.1,3.1,1055,0.95,36.84210526,3.601895735,1.06,2,1,1,1.7,2,127
9.1,3.1,1055,0.95,36.84210526,3.601895735,1.06,2,1,1,1.7,5,122
9.1,3.1,1055,0.95,36.84210526,3.601895735,1.06,2,1,1,1.7,10,118
6.1,7.2,1843,1.1,30.90909091,2.387411829,1.01,2,1,1,1.6,0.5,181
6.1,7.2,1843,1.1,30.90909091,2.387411829,1.01,2,1,1,1.6,1,153.3
6.1,7.2,1843,1.1,30.90909091,2.387411829,1.01,2,1,1,1.6,2,137.2
6.1,7.2,1843,1.1,30.90909091,2.387411829,1.01,2,1,1,1.6,3,130.2
6.1,7.2,1843,1.1,30.90909091,2.387411829,1.01,2,1,1,1.6,5,121.7
6.1,7.2,1843,1.1,30.90909091,2.387411829,1.01,2,1,1,1.6,10,110.4
6.1,7.2,1843,1.1,30.90909091,2.387411829,1.01,2,1,1,1.6,15,104
4.2,6.3,543,0.9,11.11111111,6.629834254,0.99,2,1,1,1.6,0.5,110
4.2,6.3,543,0.9,11.11111111,6.629834254,0.99,2,1,1,1.6,1,97.8
4.2,6.3,543,0.9,11.11111111,6.629834254,0.99,2,1,1,1.6,2,89.8
4.2,6.3,543,0.9,11.11111111,6.629834254,0.99,2,1,1,1.6,3,84.9
4.2,6.3,543,0.9,11.11111111,6.629834254,0.99,2,1,1,1.6,5,78.4
4.2,6.3,543,0.9,11.11111111,6.629834254,0.99,2,1,1,1.6,10,67.2
4.2,6.3,543,0.9,11.11111111,6.629834254,0.99,2,1,1,1.6,15,58.2
10.8,5.7,1454,0.83,10.84337349,2.283356259,1.05,2,1,1,1.6,0.5,98
10.8,5.7,1454,0.83,10.84337349,2.283356259,1.05,2,1,1,1.6,1,81.7
10.8,5.7,1454,0.83,10.84337349,2.283356259,1.05,2,1,1,1.6,2,72.2
10.8,5.7,1454,0.83,10.84337349,2.283356259,1.05,2,1,1,1.6,3,67
10.8,5.7,1454,0.83,10.84337349,2.283356259,1.05,2,1,1,1.6,5,60.7
10.8,5.7,1454,0.83,10.84337349,2.283356259,1.05,2,1,1,1.6,10,50.9
10.8,5.7,1454,0.83,10.84337349,2.283356259,1.05,2,1,1,1.6,15,45.1
9.33,6.25,1021,1.07,67.97257591,4.191968658,0.84,3,0,10,1.8,0.2,122.3
9.33,6.25,1021,1.07,67.97257591,4.191968658,0.84,3,0,10,1.8,0.5,108.1
9.33,6.25,1021,1.07,67.97257591,4.191968658,0.84,3,0,10,1.8,1,103.8
9.33,6.25,1021,1.07,67.97257591,4.191968658,0.84,3,0,10,1.8,2,94.2
9.33,6.25,1021,1.07,67.97257591,4.191968658,0.84,3,0,10,1.8,5,85.6
9.33,6.25,1021,1.07,67.97257591,4.191968658,0.84,3,0,10,1.8,10,76
9.33,6.25,1021,1.07,67.97257591,4.191968658,0.84,3,0,10,1.8,20,59.1
8,8.12,1685,1.2,18.87240356,2.848664688,0.85,3,0,10,1.8,0.2,153.8
8,8.12,1685,1.2,18.87240356,2.848664688,0.85,3,0,10,1.8,0.5,146.9
8,8.12,1685,1.2,18.87240356,2.848664688,0.85,3,0,10,1.8,1,127.3
8,8.12,1685,1.2,18.87240356,2.848664688,0.85,3,0,10,1.8,2,117
8,8.12,1685,1.2,18.87240356,2.848664688,0.85,3,0,10,1.8,5,108.7
8,8.12,1685,1.2,18.87240356,2.848664688,0.85,3,0,10,1.8,10,95.5
8,8.12,1685,1.2,18.87240356,2.848664688,0.85,3,0,10,1.8,20,82.3
9.75,7.83,2370,2.18,28.98734177,3.679324895,0.85,3,0,10,1.8,0.2,250
9.75,7.83,2370,2.18,28.98734177,3.679324895,0.85,3,0,10,1.8,0.5,217.5
9.75,7.83,2370,2.18,28.98734177,3.679324895,0.85,3,0,10,1.8,1,184.3
9.75,7.83,2370,2.18,28.98734177,3.679324895,0.85,3,0,10,1.8,2,163.5
9.75,7.83,2370,2.18,28.98734177,3.679324895,0.85,3,0,10,1.8,5,156.8
9.75,7.83,2370,2.18,28.98734177,3.679324895,0.85,3,0,10,1.8,10,151.9
9.75,7.83,2370,2.18,28.98734177,3.679324895,0.85,3,0,10,1.8,20,149.2
9.75,7.83,2370,2.18,28.98734177,3.679324895,0.85,3,0,5,1.8,0.2,268
9.75,7.83,2370,2.18,28.98734177,3.679324895,0.85,3,0,20,1.8,0.2,210
4.41,12.14,494,0.27,62.96296296,2.186234818,3.1,2,1,1,1.6,0.2,138.5
4.41,12.14,494,0.27,62.96296296,2.186234818,3.1,2,1,1,1.6,0.5,112.9
4.41,12.14,494,0.27,62.96296296,2.186234818,3.1,2,1,1,1.6,1,98.1
4.41,12.14,494,0.27,62.96296296,2.186234818,3.1,2,1,1,1.6,2,89.3
4.41,12.14,494,0.27,62.96296296,2.186234818,3.1,2,1,1,1.6,5,77.6
4.41,12.14,494,0.27,62.96296296,2.186234818,3.1,2,1,1,1.6,10,69
4.41,12.14,494,0.27,62.96296296,2.186234818,3.1,2,1,1,1.6,20,61.8
4.41,12.14,494,0.27,62.96296296,2.186234818,3.1,2,1,1,1.6,40,48.7
4.41,12.14,494,0.27,62.96296296,2.186234818,3.1,2,1,1,1.6,60,38.7
4.41,12.14,494,0.27,62.96296296,2.186234818,3.1,2,1,1,1.6,80,28.8
5.51,5.19,642,0.58,15.51724138,3.613707165,3.5,2,1,1,1.6,0.2,149.9
5.51,5.19,642,0.58,15.51724138,3.613707165,3.5,2,1,1,1.6,0.5,128.2
5.51,5.19,642,0.58,15.51724138,3.613707165,3.5,2,1,1,1.6,1,112.4
5.51,5.19,642,0.58,15.51724138,3.613707165,3.5,2,1,1,1.6,2,102.5
5.51,5.19,642,0.58,15.51724138,3.613707165,3.5,2,1,1,1.6,5,90.9
5.51,5.19,642,0.58,15.51724138,3.613707165,3.5,2,1,1,1.6,10,83.2
5.51,5.19,642,0.58,15.51724138,3.613707165,3.5,2,1,1,1.6,20,73.8
5.51,5.19,642,0.58,15.51724138,3.613707165,3.5,2,1,1,1.6,40,63.3
5.51,5.19,642,0.58,15.51724138,3.613707165,3.5,2,1,1,1.6,60,55.4
5.51,5.19,642,0.58,15.51724138,3.613707165,3.5,2,1,1,1.6,80,46.9
7.41,0.53,1398.16,0.79,67.08860759,2.27,0.7,1,1,1,1.6,0.2,94.6
7.41,0.53,1398.16,0.79,67.08860759,2.27,0.7,1,1,1,1.6,0.5,84
7.41,0.53,1398.16,0.79,67.08860759,2.27,0.7,1,1,1,1.6,0.8,80.3
7.41,0.53,1398.16,0.79,67.08860759,2.27,0.7,1,1,1,1.6,1,77.9
7.41,0.53,1398.16,0.79,67.08860759,2.27,0.7,1,1,1,1.6,2,75
7.41,0.53,1398.16,0.79,67.08860759,2.27,0.7,1,1,1,1.6,5,71.3
7.41,0.53,1398.16,0.79,67.08860759,2.27,0.7,1,1,1,1.6,8,67.5
7.41,0.53,1398.16,0.79,67.08860759,2.27,0.7,1,1,1,1.6,10,65.7
3.37,0,3252.6,3.428,9.947491249,4.21570436,1.02,1,0,1,1.6,0.3,98.2
3.37,0,3252.6,3.428,9.947491249,4.21570436,1.02,1,0,1,1.6,0.5,94.2
3.37,0,3252.6,3.428,9.947491249,4.21570436,1.02,1,0,1,1.6,1,89.5
3.37,0,3252.6,3.428,9.947491249,4.21570436,1.02,1,0,1,1.6,3,80.1
3.37,0,3252.6,3.428,9.947491249,4.21570436,1.02,1,0,1,1.6,5,76.2
3.37,0,3252.6,3.428,9.947491249,4.21570436,1.02,1,0,1,1.6,8,73
3.37,0,3252.6,3.428,9.947491249,4.21570436,1.02,1,0,1,1.6,10,67.9
3.37,0,3252.6,3.428,9.947491249,4.21570436,1.02,1,0,1,1.6,20,61.2
3.37,0,3252.6,3.428,9.947491249,4.21570436,1.02,1,0,1,1.6,30,56.4
2.75,0.95,1687.1,1.75,9.2,4.149131646,1.11,1,0,1,1.6,0.3,111.6
2.75,0.95,1687.1,1.75,9.2,4.149131646,1.11,1,0,1,1.6,0.5,105.1
2.75,0.95,1687.1,1.75,9.2,4.149131646,1.11,1,0,1,1.6,1,102
2.75,0.95,1687.1,1.75,9.2,4.149131646,1.11,1,0,1,1.6,3,96.6
2.75,0.95,1687.1,1.75,9.2,4.149131646,1.11,1,0,1,1.6,5,92.4
2.75,0.95,1687.1,1.75,9.2,4.149131646,1.11,1,0,1,1.6,8,90
2.75,0.95,1687.1,1.75,9.2,4.149131646,1.11,1,0,1,1.6,10,88.5
2.75,0.95,1687.1,1.75,9.2,4.149131646,1.11,1,0,1,1.6,20,79.9
2.75,0.95,1687.1,1.75,9.2,4.149131646,1.11,1,0,1,1.6,30,72.4
1.91,2.99,2330.9,2.756,9.506531205,4.729503625,1.24,1,0,1,1.6,0.3,125.3
1.91,2.99,2330.9,2.756,9.506531205,4.729503625,1.24,1,0,1,1.6,0.5,117.3
1.91,2.99,2330.9,2.756,9.506531205,4.729503625,1.24,1,0,1,1.6,1,115.3
1.91,2.99,2330.9,2.756,9.506531205,4.729503625,1.24,1,0,1,1.6,3,105.9
1.91,2.99,2330.9,2.756,9.506531205,4.729503625,1.24,1,0,1,1.6,5,99.8
1.91,2.99,2330.9,2.756,9.506531205,4.729503625,1.24,1,0,1,1.6,8,97.5
1.91,2.99,2330.9,2.756,9.506531205,4.729503625,1.24,1,0,1,1.6,10,94.5
1.91,2.99,2330.9,2.756,9.506531205,4.729503625,1.24,1,0,1,1.6,20,88.9
1.91,2.99,2330.9,2.756,9.506531205,4.729503625,1.24,1,0,1,1.6,30,83.1
1.9,1.3,1317.4,1.384,11.19942197,4.202216487,1.05,1,0,1,1.6,0.3,107.6
1.9,1.3,1317.4,1.384,11.19942197,4.202216487,1.05,1,0,1,1.6,0.5,103
1.9,1.3,1317.4,1.384,11.19942197,4.202216487,1.05,1,0,1,1.6,1,99.7
1.9,1.3,1317.4,1.384,11.19942197,4.202216487,1.05,1,0,1,1.6,3,91.6
1.9,1.3,1317.4,1.384,11.19942197,4.202216487,1.05,1,0,1,1.6,5,88.7
1.9,1.3,1317.4,1.384,11.19942197,4.202216487,1.05,1,0,1,1.6,8,82.4
1.9,1.3,1317.4,1.384,11.19942197,4.202216487,1.05,1,0,1,1.6,10,79.6
1.9,1.3,1317.4,1.384,11.19942197,4.202216487,1.05,1,0,1,1.6,20,71.9
1.9,1.3,1317.4,1.384,11.19942197,4.202216487,1.05,1,0,1,1.6,30,63.1
9.92,0,1667.33,1.23,52.84552846,2.950825571,1.1,2,1,1.5,1.6,0.5,101.2
9.92,0,1667.33,1.23,52.84552846,2.950825571,1.1,2,1,1.5,1.6,1,92.4
9.92,0,1667.33,1.23,52.84552846,2.950825571,1.1,2,1,1.5,1.6,2,84.3
9.92,0,1667.33,1.23,52.84552846,2.950825571,1.1,2,1,1.5,1.6,3,79.8
9.92,0,1667.33,1.23,52.84552846,2.950825571,1.1,2,1,1.5,1.6,4,77.2
9.92,0,1667.33,1.23,52.84552846,2.950825571,1.1,2,1,1.5,1.6,5,75.8
9.92,0,1667.33,1.23,52.84552846,2.950825571,1.1,2,1,1.5,1.6,10,68.2
9.92,0,1667.33,1.23,52.84552846,2.950825571,1.1,2,1,1.5,1.6,20,61
9.44,0.8,2295.25,1.63,55.82822086,2.840649167,1.18,2,1,1.5,1.6,0.5,114.1
9.44,0.8,2295.25,1.63,55.82822086,2.840649167,1.18,2,1,1.5,1.6,1,103.4
9.44,0.8,2295.25,1.63,55.82822086,2.840649167,1.18,2,1,1.5,1.6,2,94.5
9.44,0.8,2295.25,1.63,55.82822086,2.840649167,1.18,2,1,1.5,1.6,3,90
9.44,0.8,2295.25,1.63,55.82822086,2.840649167,1.18,2,1,1.5,1.6,4,86.4
9.44,0.8,2295.25,1.63,55.82822086,2.840649167,1.18,2,1,1.5,1.6,5,84
9.44,0.8,2295.25,1.63,55.82822086,2.840649167,1.18,2,1,1.5,1.6,10,74.4
9.44,0.8,2295.25,1.63,55.82822086,2.840649167,1.18,2,1,1.5,1.6,20,62.2
9.71,5.41,670,0.72,59.72222222,4.298507463,1.89,3,0,1.5,1.7,0.1,122.4
9.71,5.41,670,0.72,59.72222222,4.298507463,1.89,3,0,1.5,1.7,0.2,92.4
9.71,5.41,670,0.72,59.72222222,4.298507463,1.89,3,0,1.5,1.7,0.5,79.7
9.71,5.41,670,0.72,59.72222222,4.298507463,1.89,3,0,1.5,1.7,1,72.7
9.71,5.41,670,0.72,59.72222222,4.298507463,1.89,3,0,1.5,1.7,2,68.4
9.71,5.41,670,0.72,59.72222222,4.298507463,1.89,3,0,1.5,1.7,5,61.1
9.71,5.41,670,0.72,59.72222222,4.298507463,1.89,3,0,1.5,1.7,10,55.7
9.71,5.41,670,0.72,59.72222222,4.298507463,1.89,3,0,1.5,1.7,20,49.1
9.71,5.41,670,0.72,59.72222222,4.298507463,1.89,3,0,1.5,1.7,40,43.7
9.71,5.41,670,0.72,59.72222222,4.298507463,1.89,3,0,1.5,1.7,50,42.2
7.21,3.67,1777,1.56,57.69230769,3.511536297,2,3,0,1.5,1.7,0.1,153.4
7.21,3.67,1777,1.56,57.69230769,3.511536297,2,3,0,1.5,1.7,0.2,117.6
7.21,3.67,1777,1.56,57.69230769,3.511536297,2,3,0,1.5,1.7,0.5,101.3
7.21,3.67,1777,1.56,57.69230769,3.511536297,2,3,0,1.5,1.7,1,93.9
7.21,3.67,1777,1.56,57.69230769,3.511536297,2,3,0,1.5,1.7,2,90.1
7.21,3.67,1777,1.56,57.69230769,3.511536297,2,3,0,1.5,1.7,5,83.1
7.21,3.67,1777,1.56,57.69230769,3.511536297,2,3,0,1.5,1.7,10,77.7
7.21,3.67,1777,1.56,57.69230769,3.511536297,2,3,0,1.5,1.7,20,72.3
7.21,3.67,1777,1.56,57.69230769,3.511536297,2,3,0,1.5,1.7,40,66.9
7.21,3.67,1777,1.56,57.69230769,3.511536297,2,3,0,1.5,1.7,50,64.2
8.35,2.41,2511,2.17,43.77880184,3.456790123,2.07,3,0,1.5,1.7,0.1,191.4
8.35,2.41,2511,2.17,43.77880184,3.456790123,2.07,3,0,1.5,1.7,0.2,167.7
8.35,2.41,2511,2.17,43.77880184,3.456790123,2.07,3,0,1.5,1.7,0.5,149.1
8.35,2.41,2511,2.17,43.77880184,3.456790123,2.07,3,0,1.5,1.7,1,138.4
8.35,2.41,2511,2.17,43.77880184,3.456790123,2.07,3,0,1.5,1.7,2,130.8
8.35,2.41,2511,2.17,43.77880184,3.456790123,2.07,3,0,1.5,1.7,5,123.6
8.35,2.41,2511,2.17,43.77880184,3.456790123,2.07,3,0,1.5,1.7,10,116.7
8.35,2.41,2511,2.17,43.77880184,3.456790123,2.07,3,0,1.5,1.7,20,113.8
8.35,2.41,2511,2.17,43.77880184,3.456790123,2.07,3,0,1.5,1.7,40,105.6
8.35,2.41,2511,2.17,43.77880184,3.456790123,2.07,3,0,1.5,1.7,50,99.9
6.98,2.3,2353,2.14,37.85046729,3.637909052,2.18,3,0,1.5,1.7,0.1,158.6
6.98,2.3,2353,2.14,37.85046729,3.637909052,2.18,3,0,1.5,1.7,0.2,127.2
6.98,2.3,2353,2.14,37.85046729,3.637909052,2.18,3,0,1.5,1.7,0.5,112.1
6.98,2.3,2353,2.14,37.85046729,3.637909052,2.18,3,0,1.5,1.7,1,104
6.98,2.3,2353,2.14,37.85046729,3.637909052,2.18,3,0,1.5,1.7,2,99.3
6.98,2.3,2353,2.14,37.85046729,3.637909052,2.18,3,0,1.5,1.7,5,91.6
6.98,2.3,2353,2.14,37.85046729,3.637909052,2.18,3,0,1.5,1.7,10,86.2
6.98,2.3,2353,2.14,37.85046729,3.637909052,2.18,3,0,1.5,1.7,20,81.6
6.98,2.3,2353,2.14,37.85046729,3.637909052,2.18,3,0,1.5,1.7,40,76.1
6.98,2.3,2353,2.14,37.85046729,3.637909052,2.18,3,0,1.5,1.7,50,73.9
15.55,2.61,3139.2,1.74,55.74712644,2.217125382,1.02,2,1,1,1.6,0.1,189.4
15.55,2.61,3139.2,1.74,55.74712644,2.217125382,1.02,2,1,1,1.6,0.2,155
15.55,2.61,3139.2,1.74,55.74712644,2.217125382,1.02,2,1,1,1.6,0.5,136.6
15.55,2.61,3139.2,1.74,55.74712644,2.217125382,1.02,2,1,1,1.6,1,126.1
15.55,2.61,3139.2,1.74,55.74712644,2.217125382,1.02,2,1,1,1.6,2,117.1
15.55,2.61,3139.2,1.74,55.74712644,2.217125382,1.02,2,1,1,1.6,3,112.5
15.55,2.61,3139.2,1.74,55.74712644,2.217125382,1.02,2,1,1,1.6,4,109.3
15.55,2.61,3139.2,1.74,55.74712644,2.217125382,1.02,2,1,1,1.6,5,106.7
15.55,2.61,3139.2,1.74,55.74712644,2.217125382,1.02,2,1,1,1.6,7,103.6
15.55,2.61,3139.2,1.74,55.74712644,2.217125382,1.02,2,1,1,1.6,10,100
15.55,2.61,3139.2,1.74,55.74712644,2.217125382,1.02,2,1,1,1.6,14,97.2
15.55,2.61,3139.2,1.74,55.74712644,2.217125382,1.02,2,1,1,1.6,20,94.2
15.55,2.61,3139.2,1.74,55.74712644,2.217125382,1.02,2,1,1,1.6,50,84.2
15.55,2.61,3139.2,1.74,55.74712644,2.217125382,1.02,2,1,1,1.6,70,66.9
15.55,2.61,3139.2,1.74,55.74712644,2.217125382,1.02,2,1,1,1.6,100,59.4
12.89,3.05,3224.9,1.93,48.1865285,2.393872678,0.94,2,1,1,1.6,0.1,225.3
12.89,3.05,3224.9,1.93,48.1865285,2.393872678,0.94,2,1,1,1.6,0.2,196.8
12.89,3.05,3224.9,1.93,48.1865285,2.393872678,0.94,2,1,1,1.6,0.5,174.3
12.89,3.05,3224.9,1.93,48.1865285,2.393872678,0.94,2,1,1,1.6,1,161.1
12.89,3.05,3224.9,1.93,48.1865285,2.393872678,0.94,2,1,1,1.6,2,150.8
12.89,3.05,3224.9,1.93,48.1865285,2.393872678,0.94,2,1,1,1.6,3,144.4
12.89,3.05,3224.9,1.93,48.1865285,2.393872678,0.94,2,1,1,1.6,4,141.2
12.89,3.05,3224.9,1.93,48.1865285,2.393872678,0.94,2,1,1,1.6,5,138.6
12.89,3.05,3224.9,1.93,48.1865285,2.393872678,0.94,2,1,1,1.6,7,134
12.89,3.05,3224.9,1.93,48.1865285,2.393872678,0.94,2,1,1,1.6,10,129.3
12.89,3.05,3224.9,1.93,48.1865285,2.393872678,0.94,2,1,1,1.6,14,124.5
12.89,3.05,3224.9,1.93,48.1865285,2.393872678,0.94,2,1,1,1.6,20,118.7
12.89,3.05,3224.9,1.93,48.1865285,2.393872678,0.94,2,1,1,1.6,50,103
12.89,3.05,3224.9,1.93,48.1865285,2.393872678,0.94,2,1,1,1.6,70,88.8
12.89,3.05,3224.9,1.93,48.1865285,2.393872678,0.94,2,1,1,1.6,100,73.8
10.45,2.44,2993.2,1.71,53.21637427,2.285179741,0.91,2,1,1,1.6,0.1,193
10.45,2.44,2993.2,1.71,53.21637427,2.285179741,0.91,2,1,1,1.6,0.2,160.1
10.45,2.44,2993.2,1.71,53.21637427,2.285179741,0.91,2,1,1,1.6,0.5,141.2
10.45,2.44,2993.2,1.71,53.21637427,2.285179741,0.91,2,1,1,1.6,1,129.3
10.45,2.44,2993.2,1.71,53.21637427,2.285179741,0.91,2,1,1,1.6,2,120.9
10.45,2.44,2993.2,1.71,53.21637427,2.285179741,0.91,2,1,1,1.6,3,116.7
10.45,2.44,2993.2,1.71,53.21637427,2.285179741,0.91,2,1,1,1.6,4,112.9
10.45,2.44,2993.2,1.71,53.21637427,2.285179741,0.91,2,1,1,1.6,5,110.9
10.45,2.44,2993.2,1.71,53.21637427,2.285179741,0.91,2,1,1,1.6,7,108.3
10.45,2.44,2993.2,1.71,53.21637427,2.285179741,0.91,2,1,1,1.6,10,104.5
10.45,2.44,2993.2,1.71,53.21637427,2.285179741,0.91,2,1,1,1.6,14,102
10.45,2.44,2993.2,1.71,53.21637427,2.285179741,0.91,2,1,1,1.6,20,99.4
10.45,2.44,2993.2,1.71,53.21637427,2.285179741,0.91,2,1,1,1.6,50,91
10.45,2.44,2993.2,1.71,53.21637427,2.285179741,0.91,2,1,1,1.6,70,79.4
10.45,2.44,2993.2,1.71,53.21637427,2.285179741,0.91,2,1,1,1.6,100,70.2
6.2,1.6,2691.29,1.77,32.76836158,2.630708694,1.088,2,1,1.1,1.79,0.1,189.3
6.2,1.6,2691.29,1.77,32.76836158,2.630708694,1.088,2,1,1.1,1.79,0.2,160.1
6.2,1.6,2691.29,1.77,32.76836158,2.630708694,1.088,2,1,1.1,1.79,0.5,133.8
6.2,1.6,2691.29,1.77,32.76836158,2.630708694,1.088,2,1,1.1,1.79,1,123.8
6.2,1.6,2691.29,1.77,32.76836158,2.630708694,1.088,2,1,1.1,1.79,2,116.1
6.2,1.6,2691.29,1.77,32.76836158,2.630708694,1.088,2,1,1.1,1.79,5,106.5
6.2,1.6,2691.29,1.77,32.76836158,2.630708694,1.088,2,1,1.1,1.79,10,101.1
6.2,1.6,2691.29,1.77,32.76836158,2.630708694,1.088,2,1,1.1,1.79,20,96.7
8.2,0,1500,0.78,69.23076923,2.1,1.01,1,1,2,1.6,0.5,89.33333333
8.2,0,1500,0.78,69.23076923,2.1,1.01,1,1,2,1.6,1,80.44444444
8.2,0,1500,0.78,69.23076923,2.1,1.01,1,1,2,1.6,2,76.44444444
8.2,0,1500,0.78,69.23076923,2.1,1.01,1,1,2,1.6,5,71.11111111
8.2,0,1500,0.78,69.23076923,2.1,1.01,1,1,2,1.6,10,65.77777778
8.2,0,1500,0.78,69.23076923,2.1,1.01,1,1,2,1.6,20,58.22222222
8.2,0,1500,0.78,69.23076923,2.1,1.01,1,1,2,1.6,50,44.88888889
8.2,0,1500,0.78,69.23076923,2.1,1.01,1,1,2,1.6,100,18.22222222
6.3,0,1886,0.93,70.96774194,1.98,1.04,1,1,2,1.6,0.5,81.77777778
6.3,0,1886,0.93,70.96774194,1.98,1.04,1,1,2,1.6,1,76
6.3,0,1886,0.93,70.96774194,1.98,1.04,1,1,2,1.6,2,67.11111111
6.3,0,1886,0.93,70.96774194,1.98,1.04,1,1,2,1.6,5,62.22222222
6.3,0,1886,0.93,70.96774194,1.98,1.04,1,1,2,1.6,10,56.44444444
6.3,0,1886,0.93,70.96774194,1.98,1.04,1,1,2,1.6,20,50.66666667
6.3,0,1886,0.93,70.96774194,1.98,1.04,1,1,2,1.6,50,40.88888889
6.3,0,1886,0.93,70.96774194,1.98,1.04,1,1,2,1.6,100,28.44444444
6.8,0,1410,0.77,63.63636364,2.19,1.09,1,1,2,1.6,0.5,136.8888889
6.8,0,1410,0.77,63.63636364,2.19,1.09,1,1,2,1.6,1,113.3333333
6.8,0,1410,0.77,63.63636364,2.19,1.09,1,1,2,1.6,2,102.2222222
6.8,0,1410,0.77,63.63636364,2.19,1.09,1,1,2,1.6,5,92.44444444
6.8,0,1410,0.77,63.63636364,2.19,1.09,1,1,2,1.6,10,85.77777778
6.8,0,1410,0.77,63.63636364,2.19,1.09,1,1,2,1.6,20,79.11111111
6.8,0,1410,0.77,63.63636364,2.19,1.09,1,1,2,1.6,50,72
6.8,0,1410,0.77,63.63636364,2.19,1.09,1,1,2,1.6,100,61.77777778
4.3,0,1655,0.81,71.60493827,1.95,1.05,1,1,2,1.6,0.5,73.33333333
4.3,0,1655,0.81,71.60493827,1.95,1.05,1,1,2,1.6,1,64.44444444
4.3,0,1655,0.81,71.60493827,1.95,1.05,1,1,2,1.6,2,59.11111111
4.3,0,1655,0.81,71.60493827,1.95,1.05,1,1,2,1.6,5,54.66666667
4.3,0,1655,0.81,71.60493827,1.95,1.05,1,1,2,1.6,10,51.55555556
4.3,0,1655,0.81,71.60493827,1.95,1.05,1,1,2,1.6,20,45.33333333
4.3,0,1655,0.81,71.60493827,1.95,1.05,1,1,2,1.6,50,41.77777778
4.3,0,1655,0.81,71.60493827,1.95,1.05,1,1,2,1.6,100,31.55555556
6.15,13.57,1274.8,0.551,71.50635209,1.728898651,1.97,2,1,1,1.6,0.5,127.5
6.15,13.57,1274.8,0.551,71.50635209,1.728898651,1.97,2,1,1,1.6,1,117.1
6.15,13.57,1274.8,0.551,71.50635209,1.728898651,1.97,2,1,1,1.6,2,106.8
6.15,13.57,1274.8,0.551,71.50635209,1.728898651,1.97,2,1,1,1.6,5,87.8
6.15,13.57,1274.8,0.551,71.50635209,1.728898651,1.97,2,1,1,1.6,10,67.9
6.15,13.57,1274.8,0.551,71.50635209,1.728898651,1.97,2,1,1,1.6,20,42.4
6.15,13.57,1274.8,0.551,71.50635209,1.728898651,1.97,2,1,1,1.6,30,23.9
6.15,13.57,1274.8,0.551,71.50635209,1.728898651,1.97,2,1,1,1.6,60,17.4
6.82,2.11,3407.6,1.953,29.390681,2.292522597,2.41,2,1,1,1.6,0.5,194.4
6.82,2.11,3407.6,1.953,29.390681,2.292522597,2.41,2,1,1,1.6,1,178.5
6.82,2.11,3407.6,1.953,29.390681,2.292522597,2.41,2,1,1,1.6,2,165.5
6.82,2.11,3407.6,1.953,29.390681,2.292522597,2.41,2,1,1,1.6,5,147.4
6.82,2.11,3407.6,1.953,29.390681,2.292522597,2.41,2,1,1,1.6,10,131.8
6.82,2.11,3407.6,1.953,29.390681,2.292522597,2.41,2,1,1,1.6,20,113.7
6.82,2.11,3407.6,1.953,29.390681,2.292522597,2.41,2,1,1,1.6,30,102.5
6.82,2.11,3407.6,1.953,29.390681,2.292522597,2.41,2,1,1,1.6,60,77.9
7.48,2.67,3553.1,2.071,26.65379044,2.331485182,2.79,2,1,1,1.6,0.5,199.1
7.48,2.67,3553.1,2.071,26.65379044,2.331485182,2.79,2,1,1,1.6,1,183
7.48,2.67,3553.1,2.071,26.65379044,2.331485182,2.79,2,1,1,1.6,2,172.4
7.48,2.67,3553.1,2.071,26.65379044,2.331485182,2.79,2,1,1,1.6,5,159.6
7.48,2.67,3553.1,2.071,26.65379044,2.331485182,2.79,2,1,1,1.6,10,150.3
7.48,2.67,3553.1,2.071,26.65379044,2.331485182,2.79,2,1,1,1.6,20,139.9
7.48,2.67,3553.1,2.071,26.65379044,2.331485182,2.79,2,1,1,1.6,30,130.1
7.48,2.67,3553.1,2.071,26.65379044,2.331485182,2.79,2,1,1,1.6,60,118.8
7.48,2.67,3553.1,2.071,26.65379044,2.331485182,2.79,2,1,3,1.6,0.5,134.3
7.48,2.67,3553.1,2.071,26.65379044,2.331485182,2.79,2,1,5,1.6,0.5,112.6
7.48,2.67,3553.1,2.071,26.65379044,2.331485182,2.79,2,1,10,1.6,0.5,103.4
7.48,2.67,3553.1,2.071,26.65379044,2.331485182,2.79,2,1,20,1.6,0.5,94
7.48,2.67,3553.1,2.071,26.65379044,2.331485182,2.79,2,1,30,1.6,0.5,85.3
7.48,2.67,3553.1,2.071,26.65379044,2.331485182,2.79,2,1,45,1.6,0.5,73.5
6.93,1.98,3415.3,2.482,15.99516519,2.906918865,2.82,2,1,1,1.6,0.5,169.3
6.93,1.98,3415.3,2.482,15.99516519,2.906918865,2.82,2,1,1,1.6,1,155.4
6.93,1.98,3415.3,2.482,15.99516519,2.906918865,2.82,2,1,1,1.6,2,144.7
6.93,1.98,3415.3,2.482,15.99516519,2.906918865,2.82,2,1,1,1.6,5,134
6.93,1.98,3415.3,2.482,15.99516519,2.906918865,2.82,2,1,1,1.6,10,125.7
6.93,1.98,3415.3,2.482,15.99516519,2.906918865,2.82,2,1,1,1.6,20,118.9
6.93,1.98,3415.3,2.482,15.99516519,2.906918865,2.82,2,1,1,1.6,30,114.5
6.93,1.98,3415.3,2.482,15.99516519,2.906918865,2.82,2,1,1,1.6,60,105.9
10.58,1.47,2290,0.93,88.17204301,1.624454148,0.9567,2,1,1.5,1.6,0.1,74
10.58,1.47,2290,0.93,88.17204301,1.624454148,0.9567,2,1,1.5,1.6,0.5,60.4
10.58,1.47,2290,0.93,88.17204301,1.624454148,0.9567,2,1,1.5,1.6,1,53.6
10.58,1.47,2290,0.93,88.17204301,1.624454148,0.9567,2,1,1.5,1.6,2,43.4
10.58,1.47,2290,0.93,88.17204301,1.624454148,0.9567,2,1,1.5,1.6,5,37.7
10.58,1.47,2290,0.93,88.17204301,1.624454148,0.9567,2,1,1.5,1.6,10,28.2
10.58,1.47,2290,0.93,88.17204301,1.624454148,0.9567,2,1,1.5,1.6,20,14.7
14.26,1.82,3166,1.7,51.76470588,2.147820594,1.044,2,1,1.5,1.6,0.1,117.1
14.26,1.82,3166,1.7,51.76470588,2.147820594,1.044,2,1,1.5,1.6,0.5,93.5
14.26,1.82,3166,1.7,51.76470588,2.147820594,1.044,2,1,1.5,1.6,1,81.4
14.26,1.82,3166,1.7,51.76470588,2.147820594,1.044,2,1,1.5,1.6,2,67
14.26,1.82,3166,1.7,51.76470588,2.147820594,1.044,2,1,1.5,1.6,5,58.7
14.26,1.82,3166,1.7,51.76470588,2.147820594,1.044,2,1,1.5,1.6,10,49.5
14.26,1.82,3166,1.7,51.76470588,2.147820594,1.044,2,1,1.5,1.6,20,45.8
14.02,1.93,3292,1.54,69.48051948,1.871202916,1.048,2,1,1.5,1.6,0.1,142.2
14.02,1.93,3292,1.54,69.48051948,1.871202916,1.048,2,1,1.5,1.6,0.5,113.3
14.02,1.93,3292,1.54,69.48051948,1.871202916,1.048,2,1,1.5,1.6,1,99.4
14.02,1.93,3292,1.54,69.48051948,1.871202916,1.048,2,1,1.5,1.6,2,85.8
14.02,1.93,3292,1.54,69.48051948,1.871202916,1.048,2,1,1.5,1.6,5,79.7
14.02,1.93,3292,1.54,69.48051948,1.871202916,1.048,2,1,1.5,1.6,10,72.2
14.02,1.93,3292,1.54,69.48051948,1.871202916,1.048,2,1,1.5,1.6,20,66.1
18.75,2.74,3518,1.57,77.70700637,1.785105173,1.102,2,1,1.5,1.6,0.1,166.8
18.75,2.74,3518,1.57,77.70700637,1.785105173,1.102,2,1,1.5,1.6,0.5,141.4
18.75,2.74,3518,1.57,77.70700637,1.785105173,1.102,2,1,1.5,1.6,1,132
18.75,2.74,3518,1.57,77.70700637,1.785105173,1.102,2,1,1.5,1.6,2,116.5
18.75,2.74,3518,1.57,77.70700637,1.785105173,1.102,2,1,1.5,1.6,5,108.8
18.75,2.74,3518,1.57,77.70700637,1.785105173,1.102,2,1,1.5,1.6,10,98.9
18.75,2.74,3518,1.57,77.70700637,1.785105173,1.102,2,1,1.5,1.6,20,86.9
2.05,4.25,1141.9,0.575,77.55495227,2.014186882,1.08,1,0,1.5,1.6,0.2,158.0444444
2.05,4.25,1141.9,0.575,77.55495227,2.014186882,1.08,1,0,1.5,1.6,0.3,148.1333333
2.05,4.25,1141.9,0.575,77.55495227,2.014186882,1.08,1,0,1.5,1.6,0.5,139.6
2.05,4.25,1141.9,0.575,77.55495227,2.014186882,1.08,1,0,1.5,1.6,1,132.6222222
2.05,4.25,1141.9,0.575,77.55495227,2.014186882,1.08,1,0,1.5,1.6,2,128.8444444
2.05,4.25,1141.9,0.575,77.55495227,2.014186882,1.08,1,0,1.5,1.6,3,121.9111111
2.05,4.25,1141.9,0.575,77.55495227,2.014186882,1.08,1,0,1.5,1.6,5,113.8666667
2.05,4.25,1141.9,0.575,77.55495227,2.014186882,1.08,1,0,1.5,1.6,8,106.5333333
2.05,4.25,1141.9,0.575,77.55495227,2.014186882,1.08,1,0,1.5,1.6,10,102.6222222
2.05,4.25,1141.9,0.575,77.55495227,2.014186882,1.08,1,0,1.5,1.6,20,89.15555556
2.05,4.25,1141.9,0.575,77.55495227,2.014186882,1.08,1,0,1.5,1.6,30,80.31111111
3.55,7.37,933.1,0.38,81.32033008,1.628978673,1.09,1,0,1.5,1.6,0.2,134.1333333
3.55,7.37,933.1,0.38,81.32033008,1.628978673,1.09,1,0,1.5,1.6,0.3,128.7111111
3.55,7.37,933.1,0.38,81.32033008,1.628978673,1.09,1,0,1.5,1.6,0.5,123.7777778
3.55,7.37,933.1,0.38,81.32033008,1.628978673,1.09,1,0,1.5,1.6,1,116.9333333
3.55,7.37,933.1,0.38,81.32033008,1.628978673,1.09,1,0,1.5,1.6,2,112.1777778
3.55,7.37,933.1,0.38,81.32033008,1.628978673,1.09,1,0,1.5,1.6,3,106.5333333
3.55,7.37,933.1,0.38,81.32033008,1.628978673,1.09,1,0,1.5,1.6,5,97.82222222
3.55,7.37,933.1,0.38,81.32033008,1.628978673,1.09,1,0,1.5,1.6,8,90.66666667
3.55,7.37,933.1,0.38,81.32033008,1.628978673,1.09,1,0,1.5,1.6,10,86.26666667
3.55,7.37,933.1,0.38,81.32033008,1.628978673,1.09,1,0,1.5,1.6,20,77.02222222
3.55,7.37,933.1,0.38,81.32033008,1.628978673,1.09,1,0,1.5,1.6,30,67.2
7.6,3.95,1162.9,0.448,80.9957864,1.540975148,1.11,1,0,1.5,1.6,0.2,118.9777778
7.6,3.95,1162.9,0.448,80.9957864,1.540975148,1.11,1,0,1.5,1.6,0.3,115.2444444
7.6,3.95,1162.9,0.448,80.9957864,1.540975148,1.11,1,0,1.5,1.6,0.5,110.1333333
7.6,3.95,1162.9,0.448,80.9957864,1.540975148,1.11,1,0,1.5,1.6,1,103.6444444
7.6,3.95,1162.9,0.448,80.9957864,1.540975148,1.11,1,0,1.5,1.6,2,97.68888889
7.6,3.95,1162.9,0.448,80.9957864,1.540975148,1.11,1,0,1.5,1.6,3,93.95555556
7.6,3.95,1162.9,0.448,80.9957864,1.540975148,1.11,1,0,1.5,1.6,5,88.26666667
7.6,3.95,1162.9,0.448,80.9957864,1.540975148,1.11,1,0,1.5,1.6,8,80.8
7.6,3.95,1162.9,0.448,80.9957864,1.540975148,1.11,1,0,1.5,1.6,10,76.4
7.6,3.95,1162.9,0.448,80.9957864,1.540975148,1.11,1,0,1.5,1.6,20,68.71111111
7.6,3.95,1162.9,0.448,80.9957864,1.540975148,1.11,1,0,1.5,1.6,30,60
8.8,0.93,1207.26,0.55,70.90909091,1.8,1.05,1,1,3,1.6,0.2,77.845
8.8,0.93,1207.26,0.55,70.90909091,1.8,1.05,1,1,3,1.6,0.5,73.751
8.8,0.93,1207.26,0.55,70.90909091,1.8,1.05,1,1,3,1.6,0.8,69.751
8.8,0.93,1207.26,0.55,70.90909091,1.8,1.05,1,1,3,1.6,1,67.186
8.8,0.93,1207.26,0.55,70.90909091,1.8,1.05,1,1,3,1.6,2,59.587
8.8,0.93,1207.26,0.55,70.90909091,1.8,1.05,1,1,3,1.6,5,49.14
8.8,0.93,1207.26,0.55,70.90909091,1.8,1.05,1,1,3,1.6,8,43.634
8.8,0.93,1207.26,0.55,70.90909091,1.8,1.05,1,1,3,1.6,10,39.446
4.8,1.3,2186,1,67,1.83,1.02,1,1,3,1.6,0.5,108.5
4.8,1.3,2186,1,67,1.83,1.02,1,1,3,1.6,1,96.3
4.8,1.3,2186,1,67,1.83,1.02,1,1,3,1.6,2,85.3
4.8,1.3,2186,1,67,1.83,1.02,1,1,3,1.6,5,83.4
4.8,1.3,2186,1,67,1.83,1.02,1,1,3,1.6,10,72.9
4.8,1.3,2186,1,67,1.83,1.02,1,1,3,1.6,20,66.5
6.1,2.34,2702.3,1.81,19.33701657,2.679199201,1.46,1,1,1,1.6,0.2,209.1
6.1,2.34,2702.3,1.81,19.33701657,2.679199201,1.46,1,1,1,1.6,0.5,184.1
6.1,2.34,2702.3,1.81,19.33701657,2.679199201,1.46,1,1,1,1.6,1,168
6.1,2.34,2702.3,1.81,19.33701657,2.679199201,1.46,1,1,1,1.6,2,155.1
6.1,2.34,2702.3,1.81,19.33701657,2.679199201,1.46,1,1,1,1.6,5,140.8
6.1,2.34,2702.3,1.81,19.33701657,2.679199201,1.46,1,1,1,1.6,10,117.2
6.1,2.34,2702.3,1.81,19.33701657,2.679199201,1.46,1,1,1,1.6,20,105.7
11.38,8.71,499.8,0.5043,20.48819528,4.04,1.07,2,1,3,1.6,0.1,115.44
11.38,8.71,499.8,0.5043,20.48819528,4.04,1.07,2,1,3,1.6,0.2,104.4
11.38,8.71,499.8,0.5043,20.48819528,4.04,1.07,2,1,3,1.6,0.5,96.6
11.38,8.71,499.8,0.5043,20.48819528,4.04,1.07,2,1,3,1.6,0.8,93.1
11.38,8.71,499.8,0.5043,20.48819528,4.04,1.07,2,1,3,1.6,1,90.1
11.38,8.71,499.8,0.5043,20.48819528,4.04,1.07,2,1,3,1.6,2,84.7
11.38,8.71,499.8,0.5043,20.48819528,4.04,1.07,2,1,3,1.6,5,75.5
11.38,8.71,499.8,0.5043,20.48819528,4.04,1.07,2,1,3,1.6,8,69.4
11.38,8.71,499.8,0.5043,20.48819528,4.04,1.07,2,1,3,1.6,10,66.4
